timestamp,role,cpu_user_jiffies,cpu_nice_jiffies,cpu_system_jiffies,cpu_idle_jiffies,cpu_iowait_jiffies,cpu_irq_jiffies,cpu_softirq_jiffies,cpu_steal_jiffies,mem_total_kb,mem_available_kb,mem_used_kb,mem_free_kb,swap_total_kb,swap_free_kb
2026-05-13T15:05:13+01:00,server,93173001,4093,2527875,1527759429,16265,0,80471,0,32911424,29646272,3265152,24685824,16252864,16252864
2026-05-13T15:05:14+01:00,server,93175377,4093,2527970,1527761814,16266,0,80471,0,32911424,29282112,3629312,24307840,16252864,16252864
2026-05-13T15:05:15+01:00,server,93179377,4093,2528080,1527762483,16266,0,80471,0,32911424,29205952,3705472,24231488,16252864,16252864
2026-05-13T15:05:16+01:00,server,93183606,4093,2528206,1527763138,16266,0,80472,0,32911424,29192000,3719424,24217536,16252864,16252864
2026-05-13T15:05:18+01:00,server,93187960,4093,2528238,1527763845,16266,0,80472,0,32911424,29166528,3744896,24192000,16252864,16252864
2026-05-13T15:05:19+01:00,server,93192501,4093,2528273,1527764552,16266,0,80472,0,32911424,29179456,3731968,24204928,16252864,16252864
2026-05-13T15:05:20+01:00,server,93196508,4093,2528311,1527765223,16266,0,80472,0,32911424,29179072,3732352,24204480,16252864,16252864
2026-05-13T15:05:21+01:00,server,93200605,4093,2528363,1527765969,16266,0,80472,0,32911424,29207552,3703872,24232832,16252864,16252864
2026-05-13T15:05:22+01:00,server,93204694,4093,2528427,1527766749,16266,0,80472,0,32911424,29149760,3761664,24174912,16252864,16252864
2026-05-13T15:05:23+01:00,server,93208929,4093,2528473,1527767382,16266,0,80473,0,32911424,29149056,3762368,24174016,16252864,16252864
2026-05-13T15:05:24+01:00,server,93213152,4093,2528607,1527768081,16266,0,80474,0,32911424,29138240,3773184,24163136,16252864,16252864
2026-05-13T15:05:25+01:00,server,93217508,4093,2528674,1527768745,16266,0,80474,0,32911424,29083136,3828288,24107968,16252864,16252864
2026-05-13T15:05:26+01:00,server,93221678,4093,2528717,1527769394,16266,0,80474,0,32911424,29079552,3831872,24104320,16252864,16252864
2026-05-13T15:05:27+01:00,server,93226180,4093,2528753,1527770036,16266,0,80477,0,32911424,29099648,3811776,24124416,16252864,16252864
2026-05-13T15:05:28+01:00,server,93230118,4093,2528808,1527770951,16266,0,80477,0,32911424,29124672,3786752,24149440,16252864,16252864
2026-05-13T15:05:29+01:00,server,93233579,4093,2528878,1527772456,16266,0,80477,0,32911424,29126976,3784448,24151744,16252864,16252864
2026-05-13T15:05:30+01:00,server,93237423,4093,2528942,1527773637,16266,0,80477,0,32911424,29127936,3783488,24152640,16252864,16252864
2026-05-13T15:05:31+01:00,server,93242038,4093,2528968,1527773942,16266,0,80478,0,32911424,29130752,3780672,24155456,16252864,16252864
2026-05-13T15:05:32+01:00,server,93245950,4093,2529030,1527774856,16266,0,80478,0,32911424,29131328,3780096,24156032,16252864,16252864
2026-05-13T15:05:33+01:00,server,93249129,4093,2529122,1527776498,16266,0,80478,0,32911424,29131712,3779712,24156032,16252864,16252864
2026-05-13T15:05:34+01:00,server,93252947,4093,2529180,1527777475,16266,0,80478,0,32911424,29136320,3775104,24160640,16252864,16252864
2026-05-13T15:05:36+01:00,server,93257586,4093,2529214,1527777922,16266,0,80478,0,32911424,29140800,3770624,24165056,16252864,16252864
2026-05-13T15:05:37+01:00,server,93260797,4093,2529299,1527779619,16266,0,80480,0,32911424,29141440,3769984,24165696,16252864,16252864
2026-05-13T15:05:38+01:00,server,93264168,4093,2529361,1527780962,16266,0,80480,0,32911424,29141696,3769728,24165888,16252864,16252864
2026-05-13T15:05:39+01:00,server,93267796,4093,2529427,1527782270,16267,0,80480,0,32911424,29142784,3768640,24166848,16252864,16252864
2026-05-13T15:05:40+01:00,server,93272589,4093,2529450,1527782584,16267,0,80480,0,32911424,29142080,3769344,24166080,16252864,16252864
2026-05-13T15:05:41+01:00,server,93276747,4093,2529544,1527783456,16267,0,80480,0,32911424,29146368,3765056,24170304,16252864,16252864
2026-05-13T15:05:42+01:00,server,93280758,4093,2529581,1527784191,16267,0,80480,0,32911424,29147008,3764416,24170944,16252864,16252864
2026-05-13T15:05:43+01:00,server,93285435,4093,2529608,1527784483,16267,0,80481,0,32911424,29151232,3760192,24175168,16252864,16252864
2026-05-13T15:05:44+01:00,server,93288291,4093,2529714,1527785998,16267,0,80481,0,32911424,29152512,3758912,24176448,16252864,16252864
2026-05-13T15:05:45+01:00,server,93292482,4093,2529742,1527786652,16267,0,80482,0,32911424,29154368,3757056,24178176,16252864,16252864
2026-05-13T15:05:46+01:00,server,93296140,4093,2529782,1527787655,16267,0,80483,0,32911424,29156416,3755008,24180224,16252864,16252864
2026-05-13T15:05:47+01:00,server,93300469,4093,2529814,1527788128,16267,0,80484,0,32911424,29157568,3753856,24181376,16252864,16252864
2026-05-13T15:05:48+01:00,server,93304486,4093,2529845,1527788891,16267,0,80485,0,32911424,29133376,3778048,24157184,16252864,16252864
2026-05-13T15:05:49+01:00,server,93309420,4093,2529862,1527789097,16267,0,80486,0,32911424,29134144,3777280,24158016,16252864,16252864
2026-05-13T15:05:50+01:00,server,93313530,4093,2529930,1527789856,16267,0,80486,0,32911424,29131968,3779456,24155840,16252864,16252864
2026-05-13T15:05:51+01:00,server,93317056,4093,2529978,1527791036,16267,0,80486,0,32911424,29132160,3779264,24155840,16252864,16252864
2026-05-13T15:05:52+01:00,server,93320279,4093,2530045,1527792662,16267,0,80486,0,32911424,29130048,3781376,24153728,16252864,16252864
2026-05-13T15:05:53+01:00,server,93323642,4093,2530120,1527794226,16267,0,80486,0,32911424,29133888,3777536,24157568,16252864,16252864
2026-05-13T15:05:54+01:00,server,93328400,4093,2530160,1527794735,16267,0,80486,0,32911424,29137152,3774272,24160832,16252864,16252864
2026-05-13T15:05:55+01:00,server,93332044,4093,2530200,1527795876,16267,0,80486,0,32911424,29136640,3774784,24160320,16252864,16252864
2026-05-13T15:05:56+01:00,server,93336220,4093,2530238,1527796632,16267,0,80486,0,32911424,29131904,3779520,24155584,16252864,16252864
2026-05-13T15:05:57+01:00,server,93339842,4093,2530289,1527797577,16267,0,80488,0,32911424,29138624,3772800,24162304,16252864,16252864
2026-05-13T15:05:59+01:00,server,93343838,4093,2530331,1527798242,16267,0,80489,0,32911424,29133760,3777664,24157440,16252864,16252864
2026-05-13T15:06:00+01:00,server,93347173,4093,2530407,1527799750,16267,0,80489,0,32911424,29132800,3778624,24156416,16252864,16252864
2026-05-13T15:06:01+01:00,server,93350388,4093,2530494,1527801242,16267,0,80489,0,32911424,29133248,3778176,24156864,16252864,16252864
2026-05-13T15:06:02+01:00,server,93354144,4093,2530540,1527802129,16267,0,80489,0,32911424,29134464,3776960,24158016,16252864,16252864
2026-05-13T15:06:03+01:00,server,93358788,4093,2530573,1527802537,16267,0,80489,0,32911424,29136768,3774656,24160320,16252864,16252864
2026-05-13T15:06:04+01:00,server,93363424,4093,2530602,1527803012,16267,0,80489,0,32911424,29134336,3777088,24157888,16252864,16252864
2026-05-13T15:06:05+01:00,server,93366466,4093,2530699,1527804744,16267,0,80489,0,32911424,29136448,3774976,24160000,16252864,16252864
2026-05-13T15:06:06+01:00,server,93369837,4093,2530783,1527806180,16267,0,80489,0,32911424,29135424,3776000,24158976,16252864,16252864
2026-05-13T15:06:07+01:00,server,93373042,4093,2530852,1527807844,16267,0,80489,0,32911424,29135424,3776000,24158976,16252864,16252864
2026-05-13T15:06:08+01:00,server,93376706,4093,2530916,1527808893,16267,0,80489,0,32911424,29131008,3780416,24154432,16252864,16252864
2026-05-13T15:06:09+01:00,server,93379975,4093,2531009,1527810334,16267,0,80489,0,32911424,29138368,3773056,24161792,16252864,16252864
2026-05-13T15:06:10+01:00,server,93383368,4093,2531094,1527811811,16267,0,80489,0,32911424,29136448,3774976,24159872,16252864,16252864
2026-05-13T15:06:11+01:00,server,93386179,4093,2531164,1527813717,16267,0,80491,0,32911424,29136832,3774592,24160256,16252864,16252864
2026-05-13T15:06:12+01:00,server,93390083,4093,2531220,1527814726,16267,0,80492,0,32911424,29140096,3771328,24163520,16252864,16252864
2026-05-13T15:06:13+01:00,server,93393980,4093,2531294,1527815963,16267,0,80492,0,32911424,29138816,3772608,24162240,16252864,16252864
2026-05-13T15:06:14+01:00,server,93396769,4093,2531378,1527817637,16267,0,80492,0,32911424,29137024,3774400,24160448,16252864,16252864
2026-05-13T15:06:15+01:00,server,93399951,4093,2531455,1527818783,16267,0,80492,0,32911424,29138816,3772608,24162176,16252864,16252864
2026-05-13T15:06:16+01:00,server,93404616,4093,2531480,1527819277,16267,0,80492,0,32911424,29116608,3794816,24139968,16252864,16252864
2026-05-13T15:06:17+01:00,server,93408890,4093,2531514,1527819845,16267,0,80493,0,32911424,29111360,3800064,24134720,16252864,16252864
2026-05-13T15:06:18+01:00,server,93412301,4093,2531602,1527821410,16267,0,80493,0,32911424,29111104,3800320,24134464,16252864,16252864
2026-05-13T15:06:19+01:00,server,93415824,4093,2531672,1527822881,16267,0,80493,0,32911424,29113856,3797568,24137216,16252864,16252864
2026-05-13T15:06:20+01:00,server,93419155,4093,2531736,1527824538,16267,0,80493,0,32911424,29114176,3797248,24137536,16252864,16252864
2026-05-13T15:06:21+01:00,server,93422135,4093,2531799,1527826172,16267,0,80495,0,32911424,29112960,3798464,24136320,16252864,16252864
2026-05-13T15:06:22+01:00,server,93424954,4093,2531883,1527827880,16267,0,80495,0,32911424,29114752,3796672,24138112,16252864,16252864
2026-05-13T15:06:23+01:00,server,93428964,4093,2531926,1527828872,16267,0,80497,0,32911424,29111168,3800256,24134528,16252864,16252864
2026-05-13T15:06:24+01:00,server,93432236,4093,2532018,1527830334,16267,0,80497,0,32911424,29111360,3800064,24134720,16252864,16252864
2026-05-13T15:06:26+01:00,server,93436222,4093,2532070,1527831100,16267,0,80497,0,32911424,29109568,3801856,24132928,16252864,16252864
2026-05-13T15:06:27+01:00,server,93439923,4093,2532129,1527832396,16267,0,80498,0,32911424,29106752,3804672,24130112,16252864,16252864
2026-05-13T15:06:28+01:00,server,93443566,4093,2532191,1527833569,16267,0,80498,0,32911424,29102272,3809152,24125568,16252864,16252864
2026-05-13T15:06:29+01:00,server,93447103,4093,2532276,1527834962,16267,0,80499,0,32911424,29103040,3808384,24126336,16252864,16252864
2026-05-13T15:06:30+01:00,server,93450572,4093,2532348,1527836510,16267,0,80500,0,32911424,29103360,3808064,24126656,16252864,16252864
2026-05-13T15:06:31+01:00,server,93454490,4093,2532429,1527837490,16267,0,80501,0,32911424,29102144,3809280,24125440,16252864,16252864
2026-05-13T15:06:32+01:00,server,93458972,4093,2532465,1527837948,16267,0,80501,0,32911424,29101824,3809600,24125120,16252864,16252864
2026-05-13T15:06:33+01:00,server,93462318,4093,2532534,1527839614,16267,0,80501,0,32911424,29102016,3809408,24125312,16252864,16252864
2026-05-13T15:06:34+01:00,server,93466631,4093,2532570,1527840124,16267,0,80502,0,32911424,29103808,3807616,24127104,16252864,16252864
2026-05-13T15:06:35+01:00,server,93469985,4093,2532640,1527841474,16267,0,80502,0,32911424,29102592,3808832,24125888,16252864,16252864
2026-05-13T15:06:36+01:00,server,93474636,4093,2532661,1527841783,16267,0,80503,0,32911424,29101888,3809536,24125184,16252864,16252864
2026-05-13T15:06:37+01:00,server,93479079,4093,2532694,1527842388,16267,0,80504,0,32911424,29101632,3809792,24124928,16252864,16252864
2026-05-13T15:06:38+01:00,server,93482734,4093,2532744,1527843584,16267,0,80504,0,32911424,29102848,3808576,24126144,16252864,16252864
2026-05-13T15:06:39+01:00,server,93486715,4093,2532797,1527844299,16267,0,80504,0,32911424,29102656,3808768,24125952,16252864,16252864
2026-05-13T15:06:40+01:00,server,93491383,4093,2532834,1527844890,16267,0,80504,0,32911424,29097280,3814144,24120576,16252864,16252864
2026-05-13T15:06:41+01:00,server,93495723,4093,2532875,1527845419,16267,0,80504,0,32911424,29100864,3810560,24124160,16252864,16252864
2026-05-13T15:06:42+01:00,server,93499376,4093,2532909,1527846479,16267,0,80504,0,32911424,29075200,3836224,24098496,16252864,16252864
2026-05-13T15:06:43+01:00,server,93504195,4093,2532922,1527846582,16267,0,80504,0,32911424,29075136,3836288,24098432,16252864,16252864
2026-05-13T15:06:44+01:00,server,93508235,4093,2532985,1527847558,16267,0,80504,0,32911424,29069184,3842240,24092032,16252864,16252864
2026-05-13T15:06:45+01:00,server,93511321,4093,2533060,1527849042,16267,0,80504,0,32911424,29073280,3838144,24093568,16252864,16252864
2026-05-13T15:06:46+01:00,server,93515628,4093,2533100,1527849591,16267,0,80504,0,32911424,29070272,3841152,24090560,16252864,16252864
2026-05-13T15:06:47+01:00,server,93519414,4093,2533165,1527850858,16267,0,80504,0,32911424,29074816,3836608,24095104,16252864,16252864
2026-05-13T15:06:48+01:00,server,93522571,4093,2533240,1527852588,16267,0,80505,0,32911424,29077504,3833920,24097792,16252864,16252864
2026-05-13T15:06:49+01:00,server,93525769,4093,2533306,1527854109,16267,0,80505,0,32911424,29077056,3834368,24097344,16252864,16252864
2026-05-13T15:06:50+01:00,server,93529673,4093,2533375,1527855188,16267,0,80505,0,32911424,29076864,3834560,24097152,16252864,16252864
2026-05-13T15:06:51+01:00,server,93532619,4093,2533452,1527856917,16267,0,80505,0,32911424,29075456,3835968,24095616,16252864,16252864
2026-05-13T15:06:53+01:00,server,93535663,4093,2533533,1527858485,16267,0,80505,0,32911424,29075648,3835776,24095808,16252864,16252864
2026-05-13T15:06:54+01:00,server,93539132,4093,2533620,1527859970,16267,0,80505,0,32911424,29075712,3835712,24095872,16252864,16252864
2026-05-13T15:06:55+01:00,server,93541986,4093,2533704,1527861613,16267,0,80505,0,32911424,29079168,3832256,24099328,16252864,16252864
2026-05-13T15:06:56+01:00,server,93545544,4093,2533777,1527862994,16267,0,80505,0,32911424,29077632,3833792,24097792,16252864,16252864
2026-05-13T15:06:57+01:00,server,93548869,4093,2533848,1527864475,16267,0,80505,0,32911424,29078016,3833408,24098176,16252864,16252864
2026-05-13T15:06:58+01:00,server,93552041,4093,2533937,1527866012,16267,0,80506,0,32911424,29076160,3835264,24096256,16252864,16252864
2026-05-13T15:06:59+01:00,server,93555592,4093,2534054,1527867090,16267,0,80506,0,32911424,29078016,3833408,24098048,16252864,16252864
2026-05-13T15:07:00+01:00,server,93558889,4093,2534110,1527868541,16267,0,80506,0,32911424,29076416,3835008,24096384,16252864,16252864
2026-05-13T15:07:01+01:00,server,93562265,4093,2534180,1527869829,16267,0,80508,0,32911424,29075264,3836160,24095232,16252864,16252864
2026-05-13T15:07:02+01:00,server,93565623,4093,2534261,1527871186,16267,0,80508,0,32911424,29077824,3833600,24097792,16252864,16252864
2026-05-13T15:07:03+01:00,server,93569608,4093,2534311,1527872207,16267,0,80508,0,32911424,29078016,3833408,24097984,16252864,16252864
2026-05-13T15:07:04+01:00,server,93573426,4093,2534371,1527873227,16267,0,80508,0,32911424,29075200,3836224,24095168,16252864,16252864
2026-05-13T15:07:05+01:00,server,93577080,4093,2534455,1527874326,16267,0,80508,0,32911424,29076352,3835072,24096320,16252864,16252864
2026-05-13T15:07:06+01:00,server,93580425,4093,2534518,1527875627,16267,0,80508,0,32911424,29077824,3833600,24097792,16252864,16252864
2026-05-13T15:07:07+01:00,server,93583942,4093,2534596,1527877262,16267,0,80508,0,32911424,29078592,3832832,24098560,16252864,16252864
2026-05-13T15:07:08+01:00,server,93587629,4093,2534652,1527878292,16267,0,80508,0,32911424,29077312,3834112,24097152,16252864,16252864
2026-05-13T15:07:09+01:00,server,93592424,4093,2534675,1527878600,16267,0,80510,0,32911424,29077888,3833536,24097728,16252864,16252864
2026-05-13T15:07:10+01:00,server,93596962,4093,2534702,1527879145,16267,0,80510,0,32911424,29075072,3836352,24094912,16252864,16252864
2026-05-13T15:07:11+01:00,server,93600530,4093,2534778,1527880556,16267,0,80510,0,32911424,29077888,3833536,24097728,16252864,16252864
2026-05-13T15:07:12+01:00,server,93604101,4093,2534854,1527881851,16267,0,80510,0,32911424,29074432,3836992,24094272,16252864,16252864
2026-05-13T15:07:13+01:00,server,93608414,4093,2534912,1527882864,16267,0,80511,0,32911424,29052160,3859264,24072000,16252864,16252864
2026-05-13T15:07:14+01:00,server,93613025,4093,2534954,1527883133,16267,0,80512,0,32911424,29051712,3859712,24071424,16252864,16252864
2026-05-13T15:07:15+01:00,server,93616432,4093,2535046,1527884576,16267,0,80512,0,32911424,29049280,3862144,24068992,16252864,16252864
2026-05-13T15:07:16+01:00,server,93620735,4093,2535128,1527885269,16267,0,80512,0,32911424,29048000,3863424,24067712,16252864,16252864
2026-05-13T15:07:18+01:00,server,93624102,4093,2535239,1527886582,16267,0,80513,0,32911424,29047936,3863488,24067648,16252864,16252864
2026-05-13T15:07:19+01:00,server,93627792,4093,2535318,1527887962,16267,0,80513,0,32911424,29048064,3863360,24067776,16252864,16252864
2026-05-13T15:07:20+01:00,server,93631213,4093,2535397,1527889494,16267,0,80514,0,32911424,29050560,3860864,24070272,16252864,16252864
2026-05-13T15:07:21+01:00,server,93635546,4093,2535431,1527889948,16267,0,80515,0,32911424,29047232,3864192,24066944,16252864,16252864
2026-05-13T15:07:22+01:00,server,93639013,4093,2535515,1527891405,16267,0,80515,0,32911424,29048000,3863424,24067712,16252864,16252864
2026-05-13T15:07:23+01:00,server,93643074,4093,2535610,1527892428,16267,0,80516,0,32911424,29049984,3861440,24069696,16252864,16252864
2026-05-13T15:07:24+01:00,server,93646927,4093,2535682,1527893557,16267,0,80516,0,32911424,29047936,3863488,24067584,16252864,16252864
2026-05-13T15:07:25+01:00,server,93649939,4093,2535754,1527895211,16267,0,80516,0,32911424,29045376,3866048,24065024,16252864,16252864
2026-05-13T15:07:26+01:00,server,93653108,4093,2535859,1527896631,16267,0,80516,0,32911424,29044672,3866752,24064320,16252864,16252864
2026-05-13T15:07:27+01:00,server,93656735,4093,2535923,1527897898,16267,0,80517,0,32911424,29043968,3867456,24063616,16252864,16252864
2026-05-13T15:07:28+01:00,server,93660571,4093,2535987,1527899222,16267,0,80517,0,32911424,29043648,3867776,24063296,16252864,16252864
2026-05-13T15:07:29+01:00,server,93664745,4093,2536035,1527900224,16267,0,80517,0,32911424,29046272,3865152,24065920,16252864,16252864
2026-05-13T15:07:30+01:00,server,93668972,4093,2536090,1527900915,16267,0,80518,0,32911424,29045312,3866112,24064960,16252864,16252864
2026-05-13T15:07:31+01:00,server,93672595,4093,2536172,1527902060,16267,0,80519,0,32911424,29035072,3876352,24054720,16252864,16252864
2026-05-13T15:07:32+01:00,server,93675338,4093,2536247,1527903961,16267,0,80520,0,32911424,29034176,3877248,24052672,16252864,16252864
2026-05-13T15:07:33+01:00,server,93679453,4093,2536296,1527904806,16267,0,80523,0,32911424,29037504,3873920,24055936,16252864,16252864
2026-05-13T15:07:34+01:00,server,93683239,4093,2536349,1527905686,16267,0,80523,0,32911424,29046528,3864896,24063488,16252864,16252864
2026-05-13T15:07:35+01:00,server,93687497,4093,2536408,1527906362,16267,0,80523,0,32911424,29045888,3865536,24062848,16252864,16252864
2026-05-13T15:07:36+01:00,server,93690599,4093,2536498,1527907829,16267,0,80523,0,32911424,29044032,3867392,24060992,16252864,16252864
2026-05-13T15:07:37+01:00,server,93694366,4093,2536566,1527908652,16267,0,80523,0,32911424,29045504,3865920,24062400,16252864,16252864
2026-05-13T15:07:38+01:00,server,93697552,4093,2536640,1527910243,16267,0,80524,0,32911424,29041664,3869760,24058496,16252864,16252864
2026-05-13T15:07:39+01:00,server,93701133,4093,2536735,1527911714,16267,0,80525,0,32911424,29041472,3869952,24058304,16252864,16252864
2026-05-13T15:07:40+01:00,server,93704877,4093,2536827,1527912684,16267,0,80525,0,32911424,29045504,3865920,24062336,16252864,16252864
2026-05-13T15:07:41+01:00,server,93708067,4093,2536915,1527914214,16267,0,80525,0,32911424,29043520,3867904,24060224,16252864,16252864
2026-05-13T15:07:43+01:00,server,93711692,4093,2536995,1527915253,16267,0,80526,0,32911424,28993280,3918144,24009984,16252864,16252864
2026-05-13T15:07:44+01:00,server,93716138,4093,2537026,1527915926,16267,0,80526,0,32911424,28944064,3967360,23960704,16252864,16252864
2026-05-13T15:07:45+01:00,server,93720426,4093,2537067,1527916614,16267,0,80526,0,32911424,28920128,3991296,23936768,16252864,16252864
2026-05-13T15:07:46+01:00,server,93724982,4093,2537146,1527917261,16267,0,80526,0,32911424,28912384,3999040,23929024,16252864,16252864
2026-05-13T15:07:47+01:00,server,93729440,4093,2537188,1527917927,16267,0,80526,0,32911424,28894016,4017408,23910656,16252864,16252864
2026-05-13T15:07:48+01:00,server,93733685,4093,2537258,1527918517,16267,0,80526,0,32911424,28890944,4020480,23907584,16252864,16252864
2026-05-13T15:07:49+01:00,server,93737978,4093,2537298,1527919229,16267,0,80526,0,32911424,28902528,4008896,23919168,16252864,16252864
2026-05-13T15:07:50+01:00,server,93742100,4093,2537340,1527920178,16267,0,80526,0,32911424,28950016,3961408,23966656,16252864,16252864
2026-05-13T15:07:51+01:00,server,93745366,4093,2537415,1527921656,16267,0,80526,0,32911424,28950976,3960448,23967616,16252864,16252864
2026-05-13T15:07:52+01:00,server,93748601,4093,2537512,1527923119,16267,0,80526,0,32911424,28955584,3955840,23972224,16252864,16252864
2026-05-13T15:07:53+01:00,server,93752628,4093,2537559,1527924003,16267,0,80526,0,32911424,28960064,3951360,23976704,16252864,16252864
2026-05-13T15:07:54+01:00,server,93757371,4093,2537580,1527924270,16267,0,80527,0,32911424,28962880,3948544,23979520,16252864,16252864
2026-05-13T15:07:55+01:00,server,93760698,4093,2537675,1527925791,16267,0,80528,0,32911424,28966784,3944640,23983424,16252864,16252864
2026-05-13T15:07:56+01:00,server,93764180,4093,2537749,1527927144,16267,0,80528,0,32911424,28969408,3942016,23986048,16252864,16252864
2026-05-13T15:07:57+01:00,server,93767584,4093,2537819,1527928279,16267,0,80529,0,32911424,28970368,3941056,23987008,16252864,16252864
2026-05-13T15:07:58+01:00,server,93771816,4093,2537869,1527928984,16267,0,80530,0,32911424,28976896,3934528,23993536,16252864,16252864
2026-05-13T15:07:59+01:00,server,93775376,4093,2537948,1527930515,16267,0,80530,0,32911424,28978624,3932800,23995264,16252864,16252864
2026-05-13T15:08:00+01:00,server,93779945,4093,2537977,1527930896,16267,0,80530,0,32911424,28980544,3930880,23997184,16252864,16252864
2026-05-13T15:08:01+01:00,server,93783697,4093,2538045,1527931881,16267,0,80532,0,32911424,28981248,3930176,23997888,16252864,16252864
2026-05-13T15:08:02+01:00,server,93786764,4093,2538132,1527933451,16267,0,80533,0,32911424,28979136,3932288,23995776,16252864,16252864
2026-05-13T15:08:04+01:00,server,93790999,4093,2538178,1527934332,16267,0,80533,0,32911424,28985984,3925440,24002560,16252864,16252864
2026-05-13T15:08:05+01:00,server,93794813,4093,2538250,1527935508,16267,0,80534,0,32911424,28988928,3922496,24005504,16252864,16252864
2026-05-13T15:08:06+01:00,server,93798866,4093,2538300,1527936435,16267,0,80535,0,32911424,28988032,3923392,24004608,16252864,16252864
2026-05-13T15:08:07+01:00,server,93803517,4093,2538324,1527936938,16267,0,80536,0,32911424,28991232,3920192,24007808,16252864,16252864
2026-05-13T15:08:08+01:00,server,93807182,4093,2538409,1527938175,16267,0,80536,0,32911424,28991808,3919616,24008384,16252864,16252864
2026-05-13T15:08:09+01:00,server,93811142,4093,2538497,1527938868,16267,0,80536,0,32911424,28993280,3918144,24009856,16252864,16252864
2026-05-13T15:08:10+01:00,server,93814971,4093,2538561,1527939794,16267,0,80536,0,32911424,28991296,3920128,24007872,16252864,16252864
2026-05-13T15:08:11+01:00,server,93818827,4093,2538621,1527940925,16267,0,80537,0,32911424,28988032,3923392,24004608,16252864,16252864
2026-05-13T15:08:12+01:00,server,93822286,4093,2538704,1527942315,16267,0,80537,0,32911424,28992640,3918784,24009216,16252864,16252864
2026-05-13T15:08:13+01:00,server,93825910,4093,2538761,1527943637,16267,0,80537,0,32911424,28910400,4001024,23926976,16252864,16252864
2026-05-13T15:08:14+01:00,server,93830645,4093,2538835,1527944266,16267,0,80537,0,32911424,28891072,4020352,23907648,16252864,16252864
2026-05-13T15:08:15+01:00,server,93834810,4093,2538922,1527944912,16267,0,80537,0,32911424,28887168,4024256,23903744,16252864,16252864
2026-05-13T15:08:16+01:00,server,93839226,4093,2538955,1527945567,16267,0,80538,0,32911424,28890880,4020544,23907456,16252864,16252864
2026-05-13T15:08:17+01:00,server,93843635,4093,2539032,1527946191,16267,0,80539,0,32911424,28898560,4012864,23915136,16252864,16252864
2026-05-13T15:08:18+01:00,server,93848116,4093,2539135,1527946847,16267,0,80539,0,32911424,28902656,4008768,23918784,16252864,16252864
2026-05-13T15:08:19+01:00,server,93852579,4093,2539241,1527947533,16267,0,80540,0,32911424,28931712,3979712,23947712,16252864,16252864
2026-05-13T15:08:20+01:00,server,93855930,4093,2539306,1527949059,16267,0,80540,0,32911424,28936640,3974784,23952640,16252864,16252864
2026-05-13T15:08:21+01:00,server,93859349,4093,2539404,1527950459,16267,0,80540,0,32911424,28936064,3975360,23952000,16252864,16252864
2026-05-13T15:08:22+01:00,server,93863069,4093,2539476,1527951649,16267,0,80540,0,32911424,28936256,3975168,23952064,16252864,16252864
2026-05-13T15:08:23+01:00,server,93866897,4093,2539554,1527952821,16267,0,80540,0,32911424,28943872,3967552,23959680,16252864,16252864
2026-05-13T15:08:24+01:00,server,93870926,4093,2539590,1527953755,16267,0,80541,0,32911424,28948224,3963200,23964032,16252864,16252864
2026-05-13T15:08:25+01:00,server,93875530,4093,2539610,1527954149,16267,0,80541,0,32911424,28947648,3963776,23963456,16252864,16252864
2026-05-13T15:08:27+01:00,server,93879309,4093,2539667,1527955235,16267,0,80541,0,32911424,28949888,3961536,23965696,16252864,16252864
2026-05-13T15:08:28+01:00,server,93883446,4093,2539706,1527955886,16267,0,80541,0,32911424,28952128,3959296,23967936,16252864,16252864
2026-05-13T15:08:29+01:00,server,93887858,4093,2539773,1527956440,16267,0,80542,0,32911424,28953664,3957760,23969472,16252864,16252864
2026-05-13T15:08:30+01:00,server,93891803,4093,2539839,1527957342,16267,0,80543,0,32911424,28955648,3955776,23971456,16252864,16252864
2026-05-13T15:08:31+01:00,server,93896430,4093,2539879,1527957725,16267,0,80544,0,32911424,28955584,3955840,23971392,16252864,16252864
2026-05-13T15:08:32+01:00,server,93900758,4093,2539891,1527958177,16267,0,80545,0,32911424,28958080,3953344,23973888,16252864,16252864
2026-05-13T15:08:33+01:00,server,93905359,4093,2539921,1527958635,16267,0,80545,0,32911424,28959936,3951488,23975744,16252864,16252864
2026-05-13T15:08:34+01:00,server,93909591,4093,2539975,1527959435,16267,0,80546,0,32911424,28960064,3951360,23975808,16252864,16252864
2026-05-13T15:08:35+01:00,server,93913210,4093,2540086,1527960601,16267,0,80546,0,32911424,28961728,3949696,23977472,16252864,16252864
2026-05-13T15:08:36+01:00,server,93917889,4093,2540129,1527960847,16267,0,80546,0,32911424,28962432,3948992,23978176,16252864,16252864
2026-05-13T15:08:37+01:00,server,93921914,4093,2540190,1527961874,16267,0,80546,0,32911424,28965120,3946304,23980864,16252864,16252864
2026-05-13T15:08:38+01:00,server,93925309,4093,2540279,1527963110,16267,0,80546,0,32911424,28883840,4027584,23899584,16252864,16252864
2026-05-13T15:08:39+01:00,server,93929837,4093,2540414,1527963797,16267,0,80546,0,32911424,28872064,4039360,23887808,16252864,16252864
2026-05-13T15:08:40+01:00,server,93934336,4093,2540497,1527964509,16267,0,80546,0,32911424,28879488,4031936,23895232,16252864,16252864
2026-05-13T15:08:41+01:00,server,93938789,4093,2540561,1527965161,16267,0,80546,0,32911424,28852288,4059136,23868032,16252864,16252864
2026-05-13T15:08:42+01:00,server,93943343,4093,2540611,1527965829,16267,0,80546,0,32911424,28854656,4056768,23870400,16252864,16252864
2026-05-13T15:08:43+01:00,server,93947678,4093,2540761,1527966502,16267,0,80546,0,32911424,28859584,4051840,23875264,16252864,16252864
2026-05-13T15:08:44+01:00,server,93952308,4093,2540825,1527967013,16267,0,80546,0,32911424,28886144,4025280,23901824,16252864,16252864
2026-05-13T15:08:46+01:00,server,93957124,4093,2540856,1527967382,16267,0,80546,0,32911424,28889216,4022208,23904896,16252864,16252864
2026-05-13T15:08:47+01:00,server,93960647,4093,2540929,1527968909,16267,0,80546,0,32911424,28892672,4018752,23908352,16252864,16252864
2026-05-13T15:08:48+01:00,server,93964517,4093,2540991,1527969814,16267,0,80546,0,32911424,28894208,4017216,23909888,16252864,16252864
2026-05-13T15:08:49+01:00,server,93968933,4093,2541016,1527970442,16267,0,80547,0,32911424,28897472,4013952,23913152,16252864,16252864
2026-05-13T15:08:50+01:00,server,93972166,4093,2541093,1527971992,16267,0,80547,0,32911424,28899648,4011776,23915328,16252864,16252864
2026-05-13T15:08:51+01:00,server,93976715,4093,2541134,1527972567,16267,0,80547,0,32911424,28900800,4010624,23916480,16252864,16252864
2026-05-13T15:08:52+01:00,server,93980395,4093,2541194,1527973961,16267,0,80548,0,32911424,28907264,4004160,23922944,16252864,16252864
2026-05-13T15:08:53+01:00,server,93983974,4093,2541255,1527975171,16267,0,80549,0,32911424,28907712,4003712,23923328,16252864,16252864
2026-05-13T15:08:54+01:00,server,93987184,4093,2541335,1527976802,16267,0,80549,0,32911424,28904960,4006464,23920320,16252864,16252864
2026-05-13T15:08:55+01:00,server,93990876,4096,2541398,1527977806,16268,0,80550,0,32911424,28908352,4003072,23923584,16252864,16252864
2026-05-13T15:08:56+01:00,server,93993804,4096,2541489,1527979430,16268,0,80550,0,32911424,28905984,4005440,23921216,16252864,16252864
2026-05-13T15:08:57+01:00,server,93998089,4096,2541527,1527979953,16268,0,80550,0,32911424,28907392,4004032,23922624,16252864,16252864
2026-05-13T15:08:58+01:00,server,94001186,4096,2541620,1527981433,16268,0,80550,0,32911424,28908160,4003264,23923392,16252864,16252864
2026-05-13T15:08:59+01:00,server,94004535,4096,2541722,1527982976,16268,0,80550,0,32911424,28912896,3998528,23928128,16252864,16252864
2026-05-13T15:09:00+01:00,server,94008858,4096,2541765,1527983691,16268,0,80551,0,32911424,28916608,3994816,23931840,16252864,16252864
2026-05-13T15:09:01+01:00,server,94012366,4096,2541828,1527984875,16268,0,80551,0,32911424,28916992,3994432,23932224,16252864,16252864
2026-05-13T15:09:02+01:00,server,94015859,4096,2541893,1527986083,16268,0,80551,0,32911424,28921664,3989760,23936896,16252864,16252864
2026-05-13T15:09:03+01:00,server,94019054,4096,2541993,1527987523,16268,0,80551,0,32911424,28922240,3989184,23937472,16252864,16252864
2026-05-13T15:09:04+01:00,server,94022401,4096,2542072,1527988943,16268,0,80551,0,32911424,28923968,3987456,23939200,16252864,16252864
2026-05-13T15:09:05+01:00,server,94026636,4096,2542112,1527989889,16268,0,80552,0,32911424,28920576,3990848,23935808,16252864,16252864
2026-05-13T15:09:06+01:00,server,94030557,4096,2542186,1527991085,16268,0,80552,0,32911424,28924544,3986880,23939776,16252864,16252864
2026-05-13T15:09:07+01:00,server,94035022,4096,2542219,1527991430,16268,0,80554,0,32911424,28929472,3981952,23944704,16252864,16252864
2026-05-13T15:09:08+01:00,server,94039286,4096,2542267,1527992112,16268,0,80554,0,32911424,28856448,4054976,23871616,16252864,16252864
2026-05-13T15:09:09+01:00,server,94043715,4096,2542334,1527992712,16268,0,80554,0,32911424,28827072,4084352,23842240,16252864,16252864
2026-05-13T15:09:10+01:00,server,94048425,4096,2542360,1527993263,16268,0,80554,0,32911424,28829760,4081664,23844928,16252864,16252864
2026-05-13T15:09:12+01:00,server,94053127,4096,2542387,1527993988,16268,0,80554,0,32911424,28830592,4080832,23845760,16252864,16252864
2026-05-13T15:09:13+01:00,server,94057390,4096,2542476,1527994660,16268,0,80554,0,32911424,28813312,4098112,23828480,16252864,16252864
2026-05-13T15:09:14+01:00,server,94061608,4096,2542512,1527995276,16268,0,80554,0,32911424,28815744,4095680,23830912,16252864,16252864
2026-05-13T15:09:15+01:00,server,94066110,4096,2542557,1527995851,16268,0,80554,0,32911424,28816576,4094848,23831680,16252864,16252864
2026-05-13T15:09:16+01:00,server,94070311,4096,2542605,1527996499,16268,0,80554,0,32911424,28861760,4049664,23876864,16252864,16252864
2026-05-13T15:09:17+01:00,server,94074744,4096,2542648,1527997108,16268,0,80554,0,32911424,28862144,4049280,23877248,16252864,16252864
2026-05-13T15:09:18+01:00,server,94078459,4096,2542708,1527998229,16268,0,80554,0,32911424,28862208,4049216,23877312,16252864,16252864
2026-05-13T15:09:19+01:00,server,94082932,4096,2542736,1527998760,16268,0,80554,0,32911424,28864512,4046912,23879616,16252864,16252864
2026-05-13T15:09:20+01:00,server,94086316,4096,2542814,1528000204,16268,0,80555,0,32911424,28865856,4045568,23880960,16252864,16252864
2026-05-13T15:09:21+01:00,server,94090333,4096,2542858,1528001006,16268,0,80555,0,32911424,28867072,4044352,23882176,16252864,16252864
2026-05-13T15:09:22+01:00,server,94093867,4096,2542910,1528002410,16268,0,80555,0,32911424,28869120,4042304,23884224,16252864,16252864
2026-05-13T15:09:23+01:00,server,94098349,4096,2542953,1528002945,16268,0,80555,0,32911424,28872384,4039040,23887488,16252864,16252864
2026-05-13T15:09:24+01:00,server,94102241,4096,2543038,1528003928,16268,0,80556,0,32911424,28878656,4032768,23893760,16252864,16252864
2026-05-13T15:09:25+01:00,server,94105640,4096,2543114,1528005332,16268,0,80557,0,32911424,28879616,4031808,23894720,16252864,16252864
2026-05-13T15:09:26+01:00,server,94109201,4096,2543179,1528006707,16268,0,80557,0,32911424,28882240,4029184,23897344,16252864,16252864
2026-05-13T15:09:27+01:00,server,94112539,4096,2543244,1528008026,16268,0,80557,0,32911424,28882368,4029056,23897472,16252864,16252864
2026-05-13T15:09:28+01:00,server,94116889,4096,2543281,1528008513,16268,0,80557,0,32911424,28886016,4025408,23901120,16252864,16252864
2026-05-13T15:09:29+01:00,server,94120870,4096,2543321,1528009247,16268,0,80557,0,32911424,28888576,4022848,23903616,16252864,16252864
2026-05-13T15:09:30+01:00,server,94124321,4096,2543394,1528010526,16268,0,80557,0,32911424,28890944,4020480,23905984,16252864,16252864
2026-05-13T15:09:31+01:00,server,94127654,4096,2543497,1528012055,16268,0,80557,0,32911424,28892608,4018816,23907648,16252864,16252864
2026-05-13T15:09:32+01:00,server,94131938,4096,2543528,1528012499,16268,0,80558,0,32911424,28893568,4017856,23908608,16252864,16252864
2026-05-13T15:09:33+01:00,server,94135372,4096,2543586,1528013821,16268,0,80558,0,32911424,28893952,4017472,23908992,16252864,16252864
2026-05-13T15:09:35+01:00,server,94139030,4096,2543671,1528015339,16268,0,80559,0,32911424,28894144,4017280,23909184,16252864,16252864
2026-05-13T15:09:36+01:00,server,94143004,4096,2543766,1528016433,16268,0,80561,0,32911424,28895104,4016320,23910144,16252864,16252864
2026-05-13T15:09:37+01:00,server,94146941,4096,2543810,1528017186,16268,0,80561,0,32911424,28898880,4012544,23913920,16252864,16252864
2026-05-13T15:09:38+01:00,server,94150042,4096,2543949,1528018611,16268,0,80561,0,32911424,28840832,4070592,23855744,16252864,16252864
2026-05-13T15:09:39+01:00,server,94154483,4096,2543987,1528019201,16268,0,80562,0,32911424,28833408,4078016,23848320,16252864,16252864
2026-05-13T15:09:40+01:00,server,94159108,4096,2544067,1528019847,16268,0,80562,0,32911424,28810368,4101056,23825344,16252864,16252864
2026-05-13T15:09:41+01:00,server,94163560,4096,2544142,1528020478,16268,0,80563,0,32911424,28800768,4110656,23815744,16252864,16252864
2026-05-13T15:09:42+01:00,server,94168212,4096,2544163,1528021110,16268,0,80563,0,32911424,28791104,4120320,23806080,16252864,16252864
2026-05-13T15:09:43+01:00,server,94172693,4096,2544198,1528021816,16268,0,80563,0,32911424,28805760,4105664,23820736,16252864,16252864
2026-05-13T15:09:44+01:00,server,94177440,4096,2544234,1528022411,16268,0,80563,0,32911424,28775360,4136064,23790336,16252864,16252864
2026-05-13T15:09:45+01:00,server,94182339,4096,2544282,1528022676,16268,0,80563,0,32911424,28815232,4096192,23830208,16252864,16252864
2026-05-13T15:09:46+01:00,server,94186142,4096,2544346,1528024265,16268,0,80563,0,32911424,28817536,4093888,23832512,16252864,16252864
2026-05-13T15:09:47+01:00,server,94189464,4096,2544429,1528025836,16268,0,80565,0,32911424,28820032,4091392,23835008,16252864,16252864
2026-05-13T15:09:48+01:00,server,94192392,4096,2544522,1528027499,16268,0,80566,0,32911424,28817152,4094272,23832128,16252864,16252864
2026-05-13T15:09:49+01:00,server,94195712,4096,2544582,1528029177,16268,0,80566,0,32911424,28819520,4091904,23834496,16252864,16252864
2026-05-13T15:09:50+01:00,server,94199856,4096,2544636,1528030107,16268,0,80567,0,32911424,28826176,4085248,23841152,16252864,16252864
2026-05-13T15:09:51+01:00,server,94203538,4096,2544728,1528031525,16268,0,80567,0,32911424,28822400,4089024,23837376,16252864,16252864
2026-05-13T15:09:52+01:00,server,94206629,4096,2544803,1528033009,16268,0,80568,0,32911424,28824576,4086848,23839552,16252864,16252864
2026-05-13T15:09:53+01:00,server,94210933,4096,2544840,1528033610,16268,0,80568,0,32911424,28830912,4080512,23845888,16252864,16252864
2026-05-13T15:09:55+01:00,server,94215760,4096,2544861,1528033779,16268,0,80568,0,32911424,28832192,4079232,23847168,16252864,16252864
2026-05-13T15:09:56+01:00,server,94219179,4096,2544959,1528035224,16268,0,80568,0,32911424,28835264,4076160,23850240,16252864,16252864
2026-05-13T15:09:57+01:00,server,94223303,4096,2545012,1528035911,16268,0,80568,0,32911424,28834752,4076672,23849728,16252864,16252864
2026-05-13T15:09:58+01:00,server,94226446,4096,2545092,1528037428,16268,0,80568,0,32911424,28835584,4075840,23850560,16252864,16252864
2026-05-13T15:09:59+01:00,server,94230021,4096,2545155,1528038663,16268,0,80568,0,32911424,28835648,4075776,23850624,16252864,16252864
2026-05-13T15:10:00+01:00,server,94233383,4096,2545220,1528040086,16268,0,80568,0,32911424,28839616,4071808,23854528,16252864,16252864
2026-05-13T15:10:01+01:00,server,94237428,4096,2545277,1528040856,16268,0,80569,0,32911424,28840512,4070912,23855424,16252864,16252864
2026-05-13T15:10:02+01:00,server,94241549,4096,2545320,1528041979,16268,0,80569,0,32911424,28830464,4080960,23844672,16252864,16252864
2026-05-13T15:10:03+01:00,server,94246069,4096,2545355,1528042421,16268,0,80569,0,32911424,28833792,4077632,23848000,16252864,16252864
2026-05-13T15:10:04+01:00,server,94249570,4096,2545432,1528043702,16268,0,80569,0,32911424,28836352,4075072,23850496,16252864,16252864
2026-05-13T15:10:05+01:00,server,94252867,4096,2545524,1528045080,16268,0,80570,0,32911424,28838784,4072640,23852928,16252864,16252864
2026-05-13T15:10:06+01:00,server,94257479,4096,2545561,1528045363,16268,0,80570,0,32911424,28836928,4074496,23851008,16252864,16252864
2026-05-13T15:10:07+01:00,server,94262209,4096,2545587,1528045854,16268,0,80570,0,32911424,28835648,4075776,23849728,16252864,16252864
2026-05-13T15:10:08+01:00,server,94266381,4096,2545632,1528046784,16268,0,80570,0,32911424,28838656,4072768,23852608,16252864,16252864
2026-05-13T15:10:09+01:00,server,94270430,4096,2545883,1528047725,16268,0,80570,0,32911424,28751424,4160000,23765376,16252864,16252864
2026-05-13T15:10:10+01:00,server,94275212,4096,2545908,1528048222,16268,0,80570,0,32911424,28718464,4192960,23732416,16252864,16252864
2026-05-13T15:10:11+01:00,server,94279882,4096,2545945,1528048734,16268,0,80571,0,32911424,28700672,4210752,23714624,16252864,16252864
2026-05-13T15:10:12+01:00,server,94284350,4096,2545976,1528049197,16268,0,80571,0,32911424,28699264,4212160,23713216,16252864,16252864
2026-05-13T15:10:13+01:00,server,94289103,4096,2546013,1528049738,16268,0,80571,0,32911424,28705984,4205440,23719872,16252864,16252864
2026-05-13T15:10:15+01:00,server,94293812,4096,2546049,1528050205,16268,0,80571,0,32911424,28705088,4206336,23718976,16252864,16252864
2026-05-13T15:10:16+01:00,server,94298393,4096,2546072,1528050589,16268,0,80572,0,32911424,28707968,4203456,23721856,16252864,16252864
2026-05-13T15:10:17+01:00,server,94302755,4096,2546104,1528051130,16268,0,80572,0,32911424,28702208,4209216,23716096,16252864,16252864
2026-05-13T15:10:18+01:00,server,94307575,4096,2546128,1528051675,16268,0,80573,0,32911424,28693376,4218048,23707264,16252864,16252864
2026-05-13T15:10:19+01:00,server,94311451,4096,2546192,1528052951,16268,0,80574,0,32911424,28734400,4177024,23748288,16252864,16252864
2026-05-13T15:10:20+01:00,server,94315579,4096,2546245,1528053679,16268,0,80576,0,32911424,28736512,4174912,23750400,16252864,16252864
2026-05-13T15:10:21+01:00,server,94319118,4096,2546324,1528054837,16268,0,80577,0,32911424,28740160,4171264,23754048,16252864,16252864
2026-05-13T15:10:22+01:00,server,94322622,4096,2546407,1528056275,16268,0,80577,0,32911424,28743040,4168384,23756928,16252864,16252864
2026-05-13T15:10:23+01:00,server,94326065,4096,2546481,1528057713,16268,0,80578,0,32911424,28742528,4168896,23756416,16252864,16252864
2026-05-13T15:10:24+01:00,server,94330311,4096,2546529,1528058466,16268,0,80578,0,32911424,28740160,4171264,23754048,16252864,16252864
2026-05-13T15:10:25+01:00,server,94334039,4096,2546605,1528059446,16268,0,80578,0,32911424,28746112,4165312,23760000,16252864,16252864
2026-05-13T15:10:26+01:00,server,94338713,4096,2546637,1528059744,16268,0,80578,0,32911424,28744000,4167424,23757888,16252864,16252864
2026-05-13T15:10:27+01:00,server,94343102,4096,2546674,1528060228,16268,0,80580,0,32911424,28745728,4165696,23759616,16252864,16252864
2026-05-13T15:10:28+01:00,server,94347923,4096,2546685,1528060345,16268,0,80580,0,32911424,28747712,4163712,23761600,16252864,16252864
2026-05-13T15:10:29+01:00,server,94351586,4096,2546758,1528061284,16268,0,80581,0,32911424,28751424,4160000,23765312,16252864,16252864
2026-05-13T15:10:30+01:00,server,94354775,4096,2546835,1528062866,16268,0,80581,0,32911424,28750208,4161216,23764096,16252864,16252864
2026-05-13T15:10:31+01:00,server,94358343,4096,2546895,1528064151,16268,0,80582,0,32911424,28752000,4159424,23765888,16252864,16252864
2026-05-13T15:10:32+01:00,server,94362909,4096,2546932,1528064737,16268,0,80583,0,32911424,28751808,4159616,23765696,16252864,16252864
2026-05-13T15:10:33+01:00,server,94366016,4096,2547049,1528066315,16268,0,80583,0,32911424,28754496,4156928,23768320,16252864,16252864
2026-05-13T15:10:34+01:00,server,94369465,4096,2547107,1528067552,16268,0,80583,0,32911424,28753152,4158272,23766976,16252864,16252864
2026-05-13T15:10:35+01:00,server,94372633,4096,2547177,1528069059,16268,0,80583,0,32911424,28755072,4156352,23768896,16252864,16252864
2026-05-13T15:10:36+01:00,server,94376776,4096,2547213,1528069795,16268,0,80583,0,32911424,28755456,4155968,23769280,16252864,16252864
2026-05-13T15:10:38+01:00,server,94381581,4096,2547237,1528070222,16268,0,80585,0,32911424,28751872,4159552,23765696,16252864,16252864
2026-05-13T15:10:39+01:00,server,94385339,4096,2547292,1528071363,16268,0,80585,0,32911424,28749184,4162240,23763008,16252864,16252864
2026-05-13T15:10:40+01:00,server,94389701,4096,2547315,1528071978,16268,0,80586,0,32911424,28676608,4234816,23690432,16252864,16252864
2026-05-13T15:10:41+01:00,server,94394411,4096,2547340,1528072525,16268,0,80586,0,32911424,28639232,4272192,23652992,16252864,16252864
2026-05-13T15:10:42+01:00,server,94399159,4096,2547383,1528073095,16268,0,80586,0,32911424,28645312,4266112,23657536,16252864,16252864
2026-05-13T15:10:43+01:00,server,94403670,4096,2547422,1528073662,16268,0,80586,0,32911424,28657536,4253888,23669760,16252864,16252864
2026-05-13T15:10:44+01:00,server,94408234,4096,2547449,1528074221,16268,0,80586,0,32911424,28619776,4291648,23632000,16252864,16252864
2026-05-13T15:10:45+01:00,server,94412678,4096,2547502,1528074776,16268,0,80586,0,32911424,28633920,4277504,23646144,16252864,16252864
2026-05-13T15:10:46+01:00,server,94417391,4096,2547538,1528075318,16268,0,80586,0,32911424,28632384,4279040,23644608,16252864,16252864
2026-05-13T15:10:47+01:00,server,94421819,4096,2547618,1528075852,16268,0,80586,0,32911424,28637952,4273472,23650112,16252864,16252864
2026-05-13T15:10:48+01:00,server,94426221,4096,2547660,1528076744,16268,0,80587,0,32911424,28661632,4249792,23673792,16252864,16252864
2026-05-13T15:10:49+01:00,server,94430870,4096,2547684,1528077154,16268,0,80588,0,32911424,28663232,4248192,23675392,16252864,16252864
2026-05-13T15:10:50+01:00,server,94434554,4096,2547742,1528078369,16268,0,80588,0,32911424,28667200,4244224,23679232,16252864,16252864
2026-05-13T15:10:52+01:00,server,94438144,4096,2547820,1528079843,16268,0,80589,0,32911424,28665536,4245888,23677568,16252864,16252864
2026-05-13T15:10:53+01:00,server,94442867,4096,2547847,1528080084,16268,0,80589,0,32911424,28674688,4236736,23686720,16252864,16252864
2026-05-13T15:10:54+01:00,server,94445905,4096,2547927,1528081699,16268,0,80589,0,32911424,28677824,4233600,23689856,16252864,16252864
2026-05-13T15:10:55+01:00,server,94449853,4096,2547975,1528082636,16268,0,80589,0,32911424,28676864,4234560,23688896,16252864,16252864
2026-05-13T15:10:56+01:00,server,94453502,4096,2548069,1528084093,16268,0,80589,0,32911424,28678784,4232640,23690816,16252864,16252864
2026-05-13T15:10:57+01:00,server,94457625,4096,2548122,1528085071,16268,0,80589,0,32911424,28680896,4230528,23692928,16252864,16252864
2026-05-13T15:10:58+01:00,server,94461176,4096,2548184,1528086311,16268,0,80589,0,32911424,28680896,4230528,23692864,16252864,16252864
2026-05-13T15:10:59+01:00,server,94465012,4096,2548253,1528087447,16268,0,80590,0,32911424,28681536,4229888,23693568,16252864,16252864
2026-05-13T15:11:00+01:00,server,94468260,4096,2548350,1528089068,16268,0,80590,0,32911424,28686336,4225088,23698368,16252864,16252864
2026-05-13T15:11:01+01:00,server,94471500,4096,2548464,1528090592,16268,0,80590,0,32911424,28687232,4224192,23699264,16252864,16252864
2026-05-13T15:11:02+01:00,server,94475393,4096,2548515,1528091664,16268,0,80590,0,32911424,28684416,4227008,23696448,16252864,16252864
2026-05-13T15:11:03+01:00,server,94478477,4096,2548599,1528093331,16268,0,80590,0,32911424,28681472,4229952,23693504,16252864,16252864
2026-05-13T15:11:04+01:00,server,94482896,4096,2548681,1528093794,16268,0,80590,0,32911424,28683968,4227456,23696000,16252864,16252864
2026-05-13T15:11:05+01:00,server,94487166,4096,2548701,1528094384,16268,0,80590,0,32911424,28688448,4222976,23700480,16252864,16252864
2026-05-13T15:11:06+01:00,server,94491060,4096,2548760,1528095380,16268,0,80591,0,32911424,28688448,4222976,23700480,16252864,16252864
2026-05-13T15:11:07+01:00,server,94494419,4096,2548839,1528096944,16268,0,80592,0,32911424,28685568,4225856,23697600,16252864,16252864
2026-05-13T15:11:08+01:00,server,94498146,4096,2548916,1528098037,16268,0,80592,0,32911424,28689344,4222080,23701312,16252864,16252864
2026-05-13T15:11:09+01:00,server,94501583,4096,2549001,1528099254,16268,0,80593,0,32911424,28691392,4220032,23703360,16252864,16252864
2026-05-13T15:11:10+01:00,server,94504729,4096,2549096,1528100719,16268,0,80594,0,32911424,28691264,4220160,23703232,16252864,16252864
2026-05-13T15:11:11+01:00,server,94507915,4096,2549177,1528102226,16268,0,80594,0,32911424,28692608,4218816,23704576,16252864,16252864
2026-05-13T15:11:12+01:00,server,94511573,4096,2549235,1528103363,16268,0,80596,0,32911424,28692736,4218688,23704704,16252864,16252864
2026-05-13T15:11:13+01:00,server,94514839,4096,2549302,1528104637,16268,0,80596,0,32911424,28695488,4215936,23707456,16252864,16252864
2026-05-13T15:11:14+01:00,server,94518784,4096,2549344,1528105752,16268,0,80596,0,32911424,28695680,4215744,23707520,16252864,16252864
2026-05-13T15:11:15+01:00,server,94521509,4096,2549421,1528107461,16268,0,80596,0,32911424,28694464,4216960,23706304,16252864,16252864
2026-05-13T15:11:16+01:00,server,94525458,4096,2549466,1528108324,16268,0,80596,0,32911424,28607872,4303552,23619648,16252864,16252864
2026-05-13T15:11:17+01:00,server,94530093,4096,2549508,1528108845,16268,0,80597,0,32911424,28576000,4335424,23587776,16252864,16252864
2026-05-13T15:11:18+01:00,server,94534507,4096,2549616,1528109378,16268,0,80597,0,32911424,28579712,4331712,23591488,16252864,16252864
2026-05-13T15:11:20+01:00,server,94539278,4096,2549645,1528109921,16268,0,80597,0,32911424,28591488,4319936,23603264,16252864,16252864
2026-05-13T15:11:21+01:00,server,94543878,4096,2549723,1528110466,16268,0,80597,0,32911424,28565248,4346176,23577024,16252864,16252864
2026-05-13T15:11:22+01:00,server,94548876,4096,2549772,1528111000,16268,0,80597,0,32911424,28553152,4358272,23564928,16252864,16252864
2026-05-13T15:11:23+01:00,server,94553458,4096,2549863,1528111563,16268,0,80597,0,32911424,28554880,4356544,23566592,16252864,16252864
2026-05-13T15:11:24+01:00,server,94557718,4096,2549901,1528112176,16268,0,80597,0,32911424,28552064,4359360,23563776,16252864,16252864
2026-05-13T15:11:25+01:00,server,94562215,4096,2549939,1528112585,16268,0,80597,0,32911424,28582528,4328896,23594240,16252864,16252864
2026-05-13T15:11:26+01:00,server,94565795,4096,2550002,1528113585,16268,0,80597,0,32911424,28590208,4321216,23601920,16252864,16252864
2026-05-13T15:11:27+01:00,server,94569506,4096,2550095,1528114508,16268,0,80597,0,32911424,28594688,4316736,23606400,16252864,16252864
2026-05-13T15:11:28+01:00,server,94574340,4096,2550119,1528114772,16268,0,80597,0,32911424,28599872,4311552,23611584,16252864,16252864
2026-05-13T15:11:29+01:00,server,94578674,4096,2550167,1528115348,16268,0,80597,0,32911424,28602176,4309248,23613888,16252864,16252864
2026-05-13T15:11:30+01:00,server,94582212,4096,2550241,1528116802,16268,0,80597,0,32911424,28605568,4305856,23617216,16252864,16252864
2026-05-13T15:11:31+01:00,server,94585008,4096,2550345,1528118501,16268,0,80597,0,32911424,28604928,4306496,23616576,16252864,16252864
2026-05-13T15:11:32+01:00,server,94588871,4096,2550387,1528119757,16268,0,80597,0,32911424,28607616,4303808,23619264,16252864,16252864
2026-05-13T15:11:33+01:00,server,94592546,4096,2550456,1528121107,16268,0,80597,0,32911424,28610112,4301312,23621760,16252864,16252864
2026-05-13T15:11:34+01:00,server,94596772,4096,2550497,1528121792,16268,0,80598,0,32911424,28620096,4291328,23631744,16252864,16252864
2026-05-13T15:11:35+01:00,server,94599918,4096,2550602,1528123603,16268,0,80598,0,32911424,28621056,4290368,23632704,16252864,16252864
2026-05-13T15:11:36+01:00,server,94604105,4096,2550642,1528124264,16268,0,80600,0,32911424,28625856,4285568,23637504,16252864,16252864
2026-05-13T15:11:37+01:00,server,94607394,4096,2550744,1528125737,16268,0,80601,0,32911424,28626944,4284480,23638592,16252864,16252864
2026-05-13T15:11:38+01:00,server,94611895,4096,2550766,1528126413,16268,0,80601,0,32911424,28634880,4276544,23646528,16252864,16252864
2026-05-13T15:11:39+01:00,server,94615578,4096,2550881,1528127632,16268,0,80603,0,32911424,28635840,4275584,23647488,16252864,16252864
2026-05-13T15:11:40+01:00,server,94619388,4096,2550942,1528128696,16268,0,80603,0,32911424,28636672,4274752,23648320,16252864,16252864
2026-05-13T15:11:42+01:00,server,94623086,4096,2551018,1528129862,16268,0,80604,0,32911424,28636032,4275392,23647680,16252864,16252864
2026-05-13T15:11:43+01:00,server,94627145,4096,2551060,1528130744,16268,0,80604,0,32911424,28637760,4273664,23649408,16252864,16252864
2026-05-13T15:11:44+01:00,server,94630204,4096,2551137,1528132395,16268,0,80604,0,32911424,28638400,4273024,23650048,16252864,16252864
2026-05-13T15:11:45+01:00,server,94634290,4096,2551193,1528133461,16268,0,80606,0,32911424,28637888,4273536,23649536,16252864,16252864
2026-05-13T15:11:46+01:00,server,94638700,4096,2551230,1528133786,16268,0,80606,0,32911424,28634944,4276480,23646592,16252864,16252864
2026-05-13T15:11:47+01:00,server,94643092,4096,2551290,1528134335,16268,0,80607,0,32911424,28566784,4344640,23578432,16252864,16252864
2026-05-13T15:11:48+01:00,server,94647749,4096,2551338,1528134893,16268,0,80607,0,32911424,28530432,4380992,23542080,16252864,16252864
2026-05-13T15:11:49+01:00,server,94652133,4096,2551365,1528135429,16268,0,80607,0,32911424,28523008,4388416,23534656,16252864,16252864
2026-05-13T15:11:50+01:00,server,94656921,4096,2551397,1528135975,16268,0,80608,0,32911424,28523200,4388224,23534848,16252864,16252864
2026-05-13T15:11:51+01:00,server,94661571,4096,2551528,1528136569,16268,0,80610,0,32911424,28507520,4403904,23519168,16252864,16252864
2026-05-13T15:11:52+01:00,server,94666264,4096,2551561,1528137124,16268,0,80610,0,32911424,28509376,4402048,23521024,16252864,16252864
2026-05-13T15:11:53+01:00,server,94671079,4096,2551627,1528137693,16268,0,80610,0,32911424,28497792,4413632,23509376,16252864,16252864
2026-05-13T15:11:54+01:00,server,94675618,4096,2551661,1528138253,16268,0,80610,0,32911424,28503808,4407616,23515392,16252864,16252864
2026-05-13T15:11:55+01:00,server,94679608,4096,2551702,1528139128,16268,0,80610,0,32911424,28553792,4357632,23565376,16252864,16252864
2026-05-13T15:11:56+01:00,server,94682267,4096,2551783,1528140929,16268,0,80611,0,32911424,28559360,4352064,23570944,16252864,16252864
2026-05-13T15:11:57+01:00,server,94686470,4096,2551836,1528141778,16268,0,80611,0,32911424,28560128,4351296,23571712,16252864,16252864
2026-05-13T15:11:59+01:00,server,94689926,4096,2551924,1528143222,16268,0,80611,0,32911424,28564096,4347328,23575680,16252864,16252864
2026-05-13T15:12:00+01:00,server,94693848,4096,2551991,1528144506,16268,0,80611,0,32911424,28562816,4348608,23574400,16252864,16252864
2026-05-13T15:12:01+01:00,server,94697921,4096,2552017,1528145299,16268,0,80611,0,32911424,28566720,4344704,23578304,16252864,16252864
2026-05-13T15:12:02+01:00,server,94702064,4096,2552068,1528146326,16268,0,80611,0,32911424,28566528,4344896,23578048,16252864,16252864
2026-05-13T15:12:03+01:00,server,94705980,4096,2552115,1528147137,16268,0,80612,0,32911424,28569344,4342080,23580864,16252864,16252864
2026-05-13T15:12:04+01:00,server,94709446,4096,2552191,1528148633,16268,0,80613,0,32911424,28572288,4339136,23583808,16252864,16252864
2026-05-13T15:12:05+01:00,server,94713300,4096,2552236,1528149453,16268,0,80613,0,32911424,28571328,4340096,23582848,16252864,16252864
2026-05-13T15:12:06+01:00,server,94716967,4096,2552312,1528150880,16268,0,80613,0,32911424,28574976,4336448,23586496,16252864,16252864
2026-05-13T15:12:07+01:00,server,94720187,4096,2552403,1528152400,16268,0,80613,0,32911424,28574784,4336640,23586304,16252864,16252864
2026-05-13T15:12:08+01:00,server,94723684,4096,2552479,1528153705,16268,0,80613,0,32911424,28580544,4330880,23591872,16252864,16252864
2026-05-13T15:12:09+01:00,server,94727926,4096,2552520,1528154500,16268,0,80613,0,32911424,28581696,4329728,23593024,16252864,16252864
2026-05-13T15:12:10+01:00,server,94731062,4096,2552604,1528156187,16268,0,80613,0,32911424,28581504,4329920,23592832,16252864,16252864
2026-05-13T15:12:11+01:00,server,94734465,4096,2552664,1528157377,16268,0,80614,0,32911424,28580608,4330816,23591936,16252864,16252864
2026-05-13T15:12:12+01:00,server,94737805,4096,2552721,1528158775,16268,0,80615,0,32911424,28587136,4324288,23598464,16252864,16252864
2026-05-13T15:12:13+01:00,server,94740668,4096,2552815,1528160313,16268,0,80615,0,32911424,28590976,4320448,23602304,16252864,16252864
2026-05-13T15:12:14+01:00,server,94744205,4096,2552877,1528161528,16268,0,80616,0,32911424,28595200,4316224,23606528,16252864,16252864
2026-05-13T15:12:15+01:00,server,94748157,4096,2552927,1528162529,16268,0,80616,0,32911424,28597312,4314112,23608640,16252864,16252864
2026-05-13T15:12:16+01:00,server,94751592,4096,2553012,1528164104,16268,0,80618,0,32911424,28601600,4309824,23612928,16252864,16252864
2026-05-13T15:12:17+01:00,server,94754810,4096,2553101,1528165498,16268,0,80618,0,32911424,28595136,4316288,23606464,16252864,16252864
2026-05-13T15:12:18+01:00,server,94758709,4096,2553164,1528166251,16268,0,80618,0,32911424,28593792,4317632,23605056,16252864,16252864
2026-05-13T15:12:19+01:00,server,94762958,4096,2553215,1528167249,16268,0,80618,0,32911424,28595392,4316032,23606656,16252864,16252864
2026-05-13T15:12:20+01:00,server,94766204,4096,2553298,1528168762,16268,0,80619,0,32911424,28595072,4316352,23606336,16252864,16252864
2026-05-13T15:12:21+01:00,server,94770308,4096,2553353,1528169519,16268,0,80619,0,32911424,28594496,4316928,23605760,16252864,16252864
2026-05-13T15:12:22+01:00,server,94773202,4096,2553464,1528171128,16268,0,80620,0,32911424,28595840,4315584,23607104,16252864,16252864
2026-05-13T15:12:23+01:00,server,94777303,4096,2553504,1528171862,16268,0,80620,0,32911424,28598464,4312960,23610880,16252864,16252864
2026-05-13T15:12:24+01:00,server,94780337,4096,2553590,1528173430,16268,0,80621,0,32911424,28603648,4307776,23614912,16252864,16252864
2026-05-13T15:12:25+01:00,server,94784868,4096,2553613,1528173900,16268,0,80621,0,32911424,28557888,4353536,23569152,16252864,16252864
2026-05-13T15:12:27+01:00,server,94788458,4096,2553682,1528175245,16268,0,80622,0,32911424,28557376,4354048,23568640,16252864,16252864
2026-05-13T15:12:28+01:00,server,94791564,4096,2553776,1528176819,16268,0,80622,0,32911424,28528832,4382592,23540032,16252864,16252864
2026-05-13T15:12:29+01:00,server,94795800,4096,2553886,1528177436,16268,0,80622,0,32911424,28490688,4420736,23501888,16252864,16252864
2026-05-13T15:12:30+01:00,server,94800170,4096,2553998,1528178087,16268,0,80623,0,32911424,28478848,4432576,23490048,16252864,16252864
2026-05-13T15:12:31+01:00,server,94804902,4096,2554099,1528178546,16268,0,80623,0,32911424,28500416,4411008,23511616,16252864,16252864
2026-05-13T15:12:32+01:00,server,94810175,4096,2554131,1528178619,16268,0,80623,0,32911424,28502784,4408640,23513920,16252864,16252864
2026-05-13T15:12:33+01:00,server,94815336,4096,2554177,1528178872,16268,0,80627,0,32911424,28474624,4436800,23485760,16252864,16252864
2026-05-13T15:12:34+01:00,server,94819822,4096,2554216,1528179617,16268,0,80627,0,32911424,28473344,4438080,23484480,16252864,16252864
2026-05-13T15:12:35+01:00,server,94824183,4096,2554306,1528180291,16268,0,80628,0,32911424,28477632,4433792,23488768,16252864,16252864
2026-05-13T15:12:36+01:00,server,94828488,4096,2554349,1528181095,16268,0,80629,0,32911424,28512192,4399232,23523264,16252864,16252864
2026-05-13T15:12:37+01:00,server,94832338,4096,2554407,1528182299,16268,0,80630,0,32911424,28515840,4395584,23526912,16252864,16252864
2026-05-13T15:12:38+01:00,server,94835326,4096,2554474,1528183959,16268,0,80631,0,32911424,28519744,4391680,23530816,16252864,16252864
2026-05-13T15:12:39+01:00,server,94838699,4096,2554551,1528185230,16268,0,80631,0,32911424,28523136,4388288,23534208,16252864,16252864
2026-05-13T15:12:40+01:00,server,94842258,4096,2554633,1528186530,16268,0,80632,0,32911424,28524096,4387328,23535168,16252864,16252864
2026-05-13T15:12:41+01:00,server,94845817,4096,2554700,1528187588,16268,0,80633,0,32911424,28521664,4389760,23532736,16252864,16252864
2026-05-13T15:12:42+01:00,server,94849806,4096,2554762,1528188507,16268,0,80633,0,32911424,28523904,4387520,23534976,16252864,16252864
2026-05-13T15:12:43+01:00,server,94854077,4096,2554794,1528189135,16268,0,80633,0,32911424,28523264,4388160,23534336,16252864,16252864
2026-05-13T15:12:44+01:00,server,94857775,4096,2554853,1528190197,16268,0,80633,0,32911424,28525888,4385536,23536960,16252864,16252864
2026-05-13T15:12:46+01:00,server,94861192,4096,2554907,1528191520,16268,0,80633,0,32911424,28528768,4382656,23539840,16252864,16252864
2026-05-13T15:12:47+01:00,server,94864680,4096,2554976,1528192470,16268,0,80633,0,32911424,28531008,4380416,23542080,16252864,16252864
2026-05-13T15:12:48+01:00,server,94868219,4096,2555054,1528193873,16268,0,80633,0,32911424,28530752,4380672,23541824,16252864,16252864
2026-05-13T15:12:49+01:00,server,94871267,4096,2555133,1528195417,16268,0,80633,0,32911424,28530176,4381248,23541248,16252864,16252864
2026-05-13T15:12:50+01:00,server,94874609,4096,2555213,1528196870,16268,0,80633,0,32911424,28532224,4379200,23543296,16252864,16252864
2026-05-13T15:12:51+01:00,server,94877962,4096,2555287,1528198413,16268,0,80633,0,32911424,28532608,4378816,23543680,16252864,16252864
2026-05-13T15:12:52+01:00,server,94881382,4096,2555365,1528199799,16268,0,80633,0,32911424,28532416,4379008,23543488,16252864,16252864
2026-05-13T15:12:53+01:00,server,94885263,4096,2555420,1528200996,16268,0,80634,0,32911424,28536064,4375360,23547072,16252864,16252864
2026-05-13T15:12:54+01:00,server,94888220,4096,2555499,1528202664,16268,0,80634,0,32911424,28535104,4376320,23546112,16252864,16252864
2026-05-13T15:12:55+01:00,server,94892132,4096,2555545,1528203425,16268,0,80634,0,32911424,28537920,4373504,23548928,16252864,16252864
2026-05-13T15:12:56+01:00,server,94896899,4096,2555597,1528203846,16268,0,80634,0,32911424,28542080,4369344,23553088,16252864,16252864
2026-05-13T15:12:57+01:00,server,94900959,4096,2555642,1528204721,16268,0,80634,0,32911424,28541248,4370176,23552256,16252864,16252864
2026-05-13T15:12:58+01:00,server,94905584,4096,2555672,1528205051,16268,0,80634,0,32911424,28540672,4370752,23551680,16252864,16252864
2026-05-13T15:12:59+01:00,server,94910452,4096,2555700,1528205411,16268,0,80634,0,32911424,28541952,4369472,23552960,16252864,16252864
2026-05-13T15:13:00+01:00,server,94913913,4096,2555772,1528206813,16268,0,80636,0,32911424,28548224,4363200,23559168,16252864,16252864
2026-05-13T15:13:01+01:00,server,94917792,4096,2555831,1528207863,16268,0,80636,0,32911424,28548928,4362496,23559872,16252864,16252864
2026-05-13T15:13:02+01:00,server,94921826,4096,2555884,1528208960,16268,0,80636,0,32911424,28574336,4337088,23585280,16252864,16252864
2026-05-13T15:13:03+01:00,server,94925101,4096,2555977,1528210497,16268,0,80637,0,32911424,28576704,4334720,23587648,16252864,16252864
2026-05-13T15:13:04+01:00,server,94929121,4096,2556028,1528211597,16268,0,80638,0,32911424,28574592,4336832,23585536,16252864,16252864
2026-05-13T15:13:05+01:00,server,94933010,4096,2556088,1528212740,16268,0,80638,0,32911424,28575808,4335616,23586688,16252864,16252864
2026-05-13T15:13:06+01:00,server,94937036,4096,2556147,1528214030,16268,0,80638,0,32911424,28575360,4336064,23586240,16252864,16252864
2026-05-13T15:13:07+01:00,server,94940100,4096,2556224,1528215608,16268,0,80639,0,32911424,28572800,4338624,23583680,16252864,16252864
2026-05-13T15:13:08+01:00,server,94943089,4096,2556327,1528217175,16268,0,80639,0,32911424,28576064,4335360,23586944,16252864,16252864
2026-05-13T15:13:09+01:00,server,94946618,4096,2556399,1528218635,16268,0,80639,0,32911424,28572736,4338688,23583616,16252864,16252864
2026-05-13T15:13:10+01:00,server,94950314,4096,2556454,1528219573,16268,0,80639,0,32911424,28576448,4334976,23587328,16252864,16252864
2026-05-13T15:13:11+01:00,server,94953414,4096,2556529,1528221076,16268,0,80639,0,32911424,28579520,4331904,23590400,16252864,16252864
2026-05-13T15:13:13+01:00,server,94957889,4096,2556573,1528221613,16268,0,80640,0,32911424,28578496,4332928,23589376,16252864,16252864
2026-05-13T15:13:14+01:00,server,94962014,4096,2556621,1528222465,16268,0,80641,0,32911424,28575552,4335872,23586432,16252864,16252864
2026-05-13T15:13:15+01:00,server,94965286,4096,2556702,1528223876,16268,0,80642,0,32911424,28575744,4335680,23586624,16252864,16252864
2026-05-13T15:13:16+01:00,server,94968212,4096,2556780,1528225517,16268,0,80642,0,32911424,28573888,4337536,23584768,16252864,16252864
2026-05-13T15:13:17+01:00,server,94971840,4096,2556861,1528226602,16268,0,80642,0,32911424,28575296,4336128,23586176,16252864,16252864
2026-05-13T15:13:18+01:00,server,94976358,4096,2556888,1528227213,16268,0,80642,0,32911424,28570496,4340928,23581312,16252864,16252864
2026-05-13T15:13:19+01:00,server,94979220,4096,2556978,1528228923,16268,0,80642,0,32911424,28575360,4336064,23586048,16252864,16252864
2026-05-13T15:13:20+01:00,server,94983056,4096,2557028,1528229983,16268,0,80642,0,32911424,28572544,4338880,23583232,16252864,16252864
2026-05-13T15:13:21+01:00,server,94987817,4096,2557043,1528230244,16268,0,80642,0,32911424,28571904,4339520,23582592,16252864,16252864
2026-05-13T15:13:22+01:00,server,94992387,4096,2557068,1528230852,16268,0,80642,0,32911424,28570240,4341184,23580928,16252864,16252864
2026-05-13T15:13:23+01:00,server,94996403,4096,2557113,1528231686,16268,0,80642,0,32911424,28572096,4339328,23582784,16252864,16252864
2026-05-13T15:13:24+01:00,server,95000340,4096,2557148,1528232446,16268,0,80642,0,32911424,28570560,4340864,23581248,16252864,16252864
2026-05-13T15:13:25+01:00,server,95004036,4096,2557204,1528233644,16268,0,80642,0,32911424,28571840,4339584,23582528,16252864,16252864
2026-05-13T15:13:26+01:00,server,95008019,4096,2557247,1528234607,16268,0,80642,0,32911424,28572928,4338496,23583616,16252864,16252864
2026-05-13T15:13:27+01:00,server,95011494,4096,2557319,1528235955,16268,0,80642,0,32911424,28573184,4338240,23583872,16252864,16252864
2026-05-13T15:13:28+01:00,server,95015576,4096,2557375,1528236839,16268,0,80644,0,32911424,28572928,4338496,23583616,16252864,16252864
2026-05-13T15:13:29+01:00,server,95018948,4096,2557452,1528238407,16268,0,80644,0,32911424,28569984,4341440,23580672,16252864,16252864
2026-05-13T15:13:30+01:00,server,95023183,4096,2557494,1528239092,16268,0,80644,0,32911424,28571840,4339584,23582528,16252864,16252864
2026-05-13T15:13:31+01:00,server,95026821,4096,2557574,1528240205,16268,0,80644,0,32911424,28573760,4337664,23584512,16252864,16252864
2026-05-13T15:13:32+01:00,server,95031595,4096,2557594,1528240457,16268,0,80644,0,32911424,28577792,4333632,23588544,16252864,16252864
2026-05-13T15:13:33+01:00,server,95034545,4096,2557664,1528242051,16268,0,80644,0,32911424,28579648,4331776,23590400,16252864,16252864
2026-05-13T15:13:34+01:00,server,95038413,4096,2557748,1528243277,16268,0,80644,0,32911424,28581760,4329664,23592512,16252864,16252864
2026-05-13T15:13:35+01:00,server,95041830,4096,2557835,1528244770,16268,0,80644,0,32911424,28582080,4329344,23592832,16252864,16252864
2026-05-13T15:13:36+01:00,server,95045731,4096,2557900,1528246023,16268,0,80644,0,32911424,28584000,4327424,23594752,16252864,16252864
2026-05-13T15:13:37+01:00,server,95049233,4096,2558038,1528247265,16268,0,80644,0,32911424,28586112,4325312,23596864,16252864,16252864
2026-05-13T15:13:39+01:00,server,95053293,4096,2558115,1528248253,16268,0,80644,0,32911424,28584320,4327104,23595072,16252864,16252864
2026-05-13T15:13:40+01:00,server,95056926,4096,2558176,1528249381,16268,0,80644,0,32911424,28584896,4326528,23595648,16252864,16252864
2026-05-13T15:13:41+01:00,server,95060385,4096,2558218,1528250629,16268,0,80644,0,32911424,28583296,4328128,23593984,16252864,16252864
2026-05-13T15:13:42+01:00,server,95063666,4096,2558310,1528252103,16268,0,80645,0,32911424,28580736,4330688,23591424,16252864,16252864
2026-05-13T15:13:43+01:00,server,95066936,4096,2558389,1528253662,16268,0,80645,0,32911424,28577792,4333632,23588480,16252864,16252864
2026-05-13T15:13:44+01:00,server,95071024,4096,2558451,1528254415,16268,0,80646,0,32911424,28584576,4326848,23595264,16252864,16252864
2026-05-13T15:13:45+01:00,server,95074243,4096,2558531,1528255893,16268,0,80647,0,32911424,28584512,4326912,23595200,16252864,16252864
2026-05-13T15:13:46+01:00,server,95078699,4096,2558557,1528256293,16268,0,80649,0,32911424,28582848,4328576,23593536,16252864,16252864
2026-05-13T15:13:47+01:00,server,95081772,4096,2558641,1528257804,16268,0,80650,0,32911424,28583744,4327680,23594432,16252864,16252864
2026-05-13T15:13:48+01:00,server,95086368,4096,2558694,1528258173,16268,0,80651,0,32911424,28584512,4326912,23595200,16252864,16252864
2026-05-13T15:13:49+01:00,server,95090074,4096,2558752,1528259052,16268,0,80652,0,32911424,28584448,4326976,23595072,16252864,16252864
2026-05-13T15:13:50+01:00,server,95094451,4097,2558775,1528259547,16268,0,80653,0,32911424,28584832,4326592,23595456,16252864,16252864
2026-05-13T15:13:51+01:00,server,95098723,4097,2558827,1528260423,16268,0,80653,0,32911424,28585344,4326080,23595968,16252864,16252864
2026-05-13T15:13:52+01:00,server,95102869,4097,2558867,1528261290,16268,0,80653,0,32911424,28587392,4324032,23598016,16252864,16252864
2026-05-13T15:13:53+01:00,server,95105721,4097,2558967,1528263080,16268,0,80654,0,32911424,28586176,4325248,23596800,16252864,16252864
2026-05-13T15:13:54+01:00,server,95108872,4097,2559072,1528264485,16268,0,80654,0,32911424,28590464,4320960,23601088,16252864,16252864
2026-05-13T15:13:55+01:00,server,95112342,4100,2559132,1528265554,16268,0,80654,0,32911424,28585600,4325824,23596160,16252864,16252864
2026-05-13T15:13:56+01:00,server,95116326,4100,2559187,1528266434,16268,0,80655,0,32911424,28586432,4324992,23596992,16252864,16252864
2026-05-13T15:13:57+01:00,server,95119501,4100,2559265,1528267860,16268,0,80655,0,32911424,28584896,4326528,23595456,16252864,16252864
2026-05-13T15:13:58+01:00,server,95124224,4100,2559278,1528268119,16268,0,80658,0,32911424,28583232,4328192,23593728,16252864,16252864
2026-05-13T15:13:59+01:00,server,95128842,4100,2559295,1528268393,16268,0,80658,0,32911424,28579456,4331968,23589952,16252864,16252864
2026-05-13T15:14:00+01:00,server,95132197,4100,2559395,1528269867,16268,0,80658,0,32911424,28576640,4334784,23587136,16252864,16252864
2026-05-13T15:14:01+01:00,server,95135538,4100,2559485,1528271420,16268,0,80660,0,32911424,28576064,4335360,23586560,16252864,16252864
2026-05-13T15:14:02+01:00,server,95140209,4100,2559521,1528271916,16268,0,80660,0,32911424,28577600,4333824,23588096,16252864,16252864
2026-05-13T15:14:03+01:00,server,95143631,4100,2559594,1528273450,16268,0,80660,0,32911424,28577600,4333824,23588096,16252864,16252864
2026-05-13T15:14:05+01:00,server,95147804,4100,2559650,1528274319,16268,0,80660,0,32911424,28577856,4333568,23588352,16252864,16252864
2026-05-13T15:14:06+01:00,server,95152125,4100,2559715,1528275159,16268,0,80660,0,32911424,28572928,4338496,23583360,16252864,16252864
2026-05-13T15:14:07+01:00,server,95155727,4100,2559799,1528276443,16268,0,80660,0,32911424,28574016,4337408,23584448,16252864,16252864
2026-05-13T15:14:08+01:00,server,95158997,4100,2559867,1528277967,16268,0,80660,0,32911424,28579264,4332160,23589632,16252864,16252864
2026-05-13T15:14:09+01:00,server,95162433,4100,2559955,1528279375,16268,0,80660,0,32911424,28582784,4328640,23593152,16252864,16252864
2026-05-13T15:14:10+01:00,server,95166885,4100,2559981,1528279774,16268,0,80660,0,32911424,28578496,4332928,23588864,16252864,16252864
2026-05-13T15:14:11+01:00,server,95170957,4100,2560036,1528280568,16268,0,80662,0,32911424,28581760,4329664,23592128,16252864,16252864
2026-05-13T15:14:12+01:00,server,95174452,4100,2560107,1528282017,16268,0,80663,0,32911424,28582208,4329216,23592576,16252864,16252864
2026-05-13T15:14:13+01:00,server,95178754,4100,2560133,1528282881,16268,0,80664,0,32911424,28574464,4336960,23584832,16252864,16252864
2026-05-13T15:14:14+01:00,server,95182983,4100,2560200,1528283540,16268,0,80664,0,32911424,28582656,4328768,23593024,16252864,16252864
2026-05-13T15:14:15+01:00,server,95186650,4100,2560268,1528284703,16268,0,80665,0,32911424,28582720,4328704,23593088,16252864,16252864
2026-05-13T15:14:16+01:00,server,95190616,4100,2560313,1528285560,16268,0,80665,0,32911424,28583552,4327872,23593920,16252864,16252864
2026-05-13T15:14:17+01:00,server,95194346,4100,2560376,1528286743,16268,0,80665,0,32911424,28581504,4329920,23591872,16252864,16252864
2026-05-13T15:14:18+01:00,server,95198546,4100,2560434,1528287702,16268,0,80665,0,32911424,28581568,4329856,23591936,16252864,16252864
2026-05-13T15:14:19+01:00,server,95203105,4100,2560457,1528288096,16268,0,80665,0,32911424,28580608,4330816,23590976,16252864,16252864
2026-05-13T15:14:20+01:00,server,95207783,4100,2560484,1528288380,16268,0,80665,0,32911424,28581440,4329984,23591808,16252864,16252864
2026-05-13T15:14:21+01:00,server,95211394,4100,2560543,1528289407,16268,0,80665,0,32911424,28582208,4329216,23592576,16252864,16252864
2026-05-13T15:14:22+01:00,server,95215510,4100,2560577,1528290023,16268,0,80666,0,32911424,28581376,4330048,23591744,16252864,16252864
2026-05-13T15:14:23+01:00,server,95218750,4100,2560642,1528291548,16268,0,80666,0,32911424,28580736,4330688,23591104,16252864,16252864
2026-05-13T15:14:24+01:00,server,95222645,4100,2560689,1528292713,16268,0,80668,0,32911424,28574016,4337408,23584384,16252864,16252864
2026-05-13T15:14:25+01:00,server,95226866,4100,2560725,1528293478,16268,0,80668,0,32911424,28576256,4335168,23586624,16252864,16252864
2026-05-13T15:14:26+01:00,server,95230422,4100,2560789,1528294494,16268,0,80669,0,32911424,28576192,4335232,23586560,16252864,16252864
2026-05-13T15:14:28+01:00,server,95233564,4100,2560851,1528295938,16268,0,80670,0,32911424,28577728,4333696,23588096,16252864,16252864
2026-05-13T15:14:29+01:00,server,95237196,4100,2560943,1528297163,16268,0,80670,0,32911424,28579968,4331456,23590336,16252864,16252864
2026-05-13T15:14:30+01:00,server,95241219,4100,2561007,1528298376,16268,0,80670,0,32911424,28576064,4335360,23586432,16252864,16252864
2026-05-13T15:14:31+01:00,server,95244541,4100,2561076,1528299822,16268,0,80670,0,32911424,28575424,4336000,23585728,16252864,16252864
2026-05-13T15:14:32+01:00,server,95247997,4100,2561177,1528301316,16268,0,80670,0,32911424,28575744,4335680,23586048,16252864,16252864
2026-05-13T15:14:33+01:00,server,95251940,4100,2561254,1528302394,16268,0,80670,0,32911424,28575104,4336320,23585408,16252864,16252864
2026-05-13T15:14:34+01:00,server,95255534,4100,2561327,1528303794,16268,0,80670,0,32911424,28574656,4336768,23584960,16252864,16252864
2026-05-13T15:14:35+01:00,server,95258849,4100,2561417,1528305226,16268,0,80670,0,32911424,28574976,4336448,23585280,16252864,16252864
2026-05-13T15:14:36+01:00,server,95262039,4100,2561499,1528307006,16268,0,80671,0,32911424,28574976,4336448,23585280,16252864,16252864
2026-05-13T15:14:37+01:00,server,95264939,4100,2561615,1528308595,16268,0,80671,0,32911424,28574656,4336768,23584960,16252864,16252864
2026-05-13T15:14:38+01:00,server,95268362,4100,2561671,1528309815,16268,0,80672,0,32911424,28585024,4326400,23595264,16252864,16252864
2026-05-13T15:14:39+01:00,server,95272268,4100,2561721,1528310903,16268,0,80673,0,32911424,28586432,4324992,23596672,16252864,16252864
2026-05-13T15:14:40+01:00,server,95276557,4100,2561781,1528311608,16268,0,80673,0,32911424,28588032,4323392,23598272,16252864,16252864
2026-05-13T15:14:41+01:00,server,95280376,4100,2561839,1528312576,16268,0,80673,0,32911424,28590336,4321088,23600576,16252864,16252864
2026-05-13T15:14:42+01:00,server,95283886,4100,2561910,1528313900,16268,0,80674,0,32911424,28586880,4324544,23597120,16252864,16252864
2026-05-13T15:14:43+01:00,server,95288120,4100,2561952,1528314649,16268,0,80674,0,32911424,28588288,4323136,23598528,16252864,16252864
2026-05-13T15:14:44+01:00,server,95291828,4100,2562001,1528315771,16268,0,80674,0,32911424,28585600,4325824,23595840,16252864,16252864
2026-05-13T15:14:45+01:00,server,95296392,4100,2562077,1528316230,16268,0,80674,0,32911424,28587712,4323712,23597952,16252864,16252864
2026-05-13T15:14:46+01:00,server,95300911,4100,2562120,1528316685,16268,0,80674,0,32911424,28588672,4322752,23598912,16252864,16252864
2026-05-13T15:14:47+01:00,server,95304947,4100,2562169,1528317564,16268,0,80675,0,32911424,28586176,4325248,23596352,16252864,16252864
2026-05-13T15:14:48+01:00,server,95309218,4100,2562217,1528318303,16268,0,80675,0,32911424,28586560,4324864,23596736,16252864,16252864
2026-05-13T15:14:49+01:00,server,95313158,4100,2562276,1528319453,16268,0,80676,0,32911424,28582976,4328448,23593152,16252864,16252864
2026-05-13T15:14:50+01:00,server,95316734,4100,2562356,1528320800,16268,0,80676,0,32911424,28579584,4331840,23589760,16252864,16252864
2026-05-13T15:14:52+01:00,server,95320088,4100,2562436,1528322135,16268,0,80676,0,32911424,28579968,4331456,23590144,16252864,16252864
2026-05-13T15:14:53+01:00,server,95324411,4100,2562489,1528323151,16268,0,80677,0,32911424,28582976,4328448,23593152,16252864,16252864
2026-05-13T15:14:54+01:00,server,95328814,4100,2562517,1528323937,16268,0,80677,0,32911424,28582464,4328960,23592640,16252864,16252864
2026-05-13T15:14:55+01:00,server,95331893,4100,2562589,1528325524,16268,0,80677,0,32911424,28580736,4330688,23590912,16252864,16252864
2026-05-13T15:14:56+01:00,server,95336508,4100,2562612,1528325859,16268,0,80680,0,32911424,28581248,4330176,23591424,16252864,16252864
2026-05-13T15:14:57+01:00,server,95340203,4100,2562700,1528326950,16268,0,80680,0,32911424,28581376,4330048,23591552,16252864,16252864
2026-05-13T15:14:58+01:00,server,95344393,4100,2562768,1528327676,16268,0,80681,0,32911424,28582336,4329088,23592512,16252864,16252864
2026-05-13T15:14:59+01:00,server,95348920,4100,2562799,1528328149,16268,0,80681,0,32911424,28580992,4330432,23591168,16252864,16252864
2026-05-13T15:15:00+01:00,server,95352308,4100,2562879,1528329661,16268,0,80682,0,32911424,28581504,4329920,23591680,16252864,16252864
2026-05-13T15:15:01+01:00,server,95357026,4100,2562904,1528329957,16268,0,80682,0,32911424,28580928,4330496,23591104,16252864,16252864
2026-05-13T15:15:02+01:00,server,95360371,4100,2562965,1528331531,16268,0,80682,0,32911424,28572736,4338688,23582912,16252864,16252864
2026-05-13T15:15:03+01:00,server,95364326,4100,2563011,1528332448,16268,0,80683,0,32911424,28574720,4336704,23584896,16252864,16252864
2026-05-13T15:15:04+01:00,server,95367903,4100,2563112,1528333441,16268,0,80683,0,32911424,28573120,4338304,23583296,16252864,16252864
2026-05-13T15:15:05+01:00,server,95372117,4100,2563153,1528333955,16268,0,80684,0,32911424,28573376,4338048,23583552,16252864,16252864
2026-05-13T15:15:06+01:00,server,95374802,4100,2563228,1528335655,16268,0,80684,0,32911424,28571904,4339520,23582080,16252864,16252864
2026-05-13T15:15:07+01:00,server,95378370,4100,2563278,1528336825,16268,0,80684,0,32911424,28575488,4335936,23585664,16252864,16252864
2026-05-13T15:15:08+01:00,server,95382332,4100,2563340,1528337736,16268,0,80684,0,32911424,28578880,4332544,23588992,16252864,16252864
2026-05-13T15:15:09+01:00,server,95385463,4100,2563424,1528339330,16268,0,80684,0,32911424,28578176,4333248,23588224,16252864,16252864
2026-05-13T15:15:10+01:00,server,95388664,4100,2563515,1528341009,16268,0,80684,0,32911424,28581504,4329920,23591552,16252864,16252864
2026-05-13T15:15:11+01:00,server,95391283,4100,2563607,1528342740,16268,0,80684,0,32911424,28578496,4332928,23588544,16252864,16252864
2026-05-13T15:15:12+01:00,server,95394699,4100,2563685,1528343987,16268,0,80684,0,32911424,28580608,4330816,23590656,16252864,16252864
2026-05-13T15:15:13+01:00,server,95397870,4100,2563774,1528345655,16268,0,80686,0,32911424,28578496,4332928,23588480,16252864,16252864
2026-05-13T15:15:14+01:00,server,95401455,4100,2563831,1528346799,16268,0,80686,0,32911424,28581120,4330304,23591104,16252864,16252864
2026-05-13T15:15:15+01:00,server,95405513,4100,2563919,1528347741,16268,0,80686,0,32911424,28580416,4331008,23590400,16252864,16252864
2026-05-13T15:15:16+01:00,server,95409808,4100,2563971,1528348320,16268,0,80686,0,32911424,28579328,4332096,23589312,16252864,16252864
2026-05-13T15:15:18+01:00,server,95412702,4100,2564080,1528349796,16268,0,80686,0,32911424,28580032,4331392,23590016,16252864,16252864
2026-05-13T15:15:19+01:00,server,95416935,4100,2564126,1528350433,16268,0,80686,0,32911424,28577536,4333888,23587520,16252864,16252864
2026-05-13T15:15:20+01:00,server,95420081,4100,2564191,1528352035,16268,0,80687,0,32911424,28579712,4331712,23589696,16252864,16252864
2026-05-13T15:15:21+01:00,server,95423281,4100,2564253,1528353537,16268,0,80689,0,32911424,28577792,4333632,23587776,16252864,16252864
2026-05-13T15:15:22+01:00,server,95427443,4100,2564295,1528354574,16268,0,80689,0,32911424,28578624,4332800,23588608,16252864,16252864
2026-05-13T15:15:23+01:00,server,95430906,4100,2564403,1528356078,16268,0,80689,0,32911424,28576256,4335168,23586240,16252864,16252864
2026-05-13T15:15:24+01:00,server,95433962,4100,2564489,1528357631,16268,0,80691,0,32911424,28578816,4332608,23588800,16252864,16252864
2026-05-13T15:15:25+01:00,server,95438276,4100,2564515,1528358495,16268,0,80693,0,32911424,28582272,4329152,23592256,16252864,16252864
2026-05-13T15:15:26+01:00,server,95442421,4100,2564554,1528359285,16268,0,80693,0,32911424,28579136,4332288,23589120,16252864,16252864
2026-05-13T15:15:27+01:00,server,95447150,4100,2564574,1528359586,16268,0,80693,0,32911424,28582592,4328832,23592576,16252864,16252864
2026-05-13T15:15:28+01:00,server,95451377,4100,2564661,1528360357,16268,0,80694,0,32911424,28583552,4327872,23593536,16252864,16252864
2026-05-13T15:15:29+01:00,server,95454910,4100,2564721,1528361353,16268,0,80694,0,32911424,28580864,4330560,23590784,16252864,16252864
2026-05-13T15:15:30+01:00,server,95458243,4100,2564800,1528362919,16268,0,80695,0,32911424,28581120,4330304,23591040,16252864,16252864
2026-05-13T15:15:31+01:00,server,95462725,4100,2564838,1528363465,16268,0,80695,0,32911424,28579072,4332352,23588992,16252864,16252864
2026-05-13T15:15:32+01:00,server,95465970,4100,2564912,1528364829,16268,0,80695,0,32911424,28581248,4330176,23591168,16252864,16252864
2026-05-13T15:15:33+01:00,server,95469123,4100,2565012,1528366360,16268,0,80696,0,32911424,28580224,4331200,23590144,16252864,16252864
2026-05-13T15:15:34+01:00,server,95471898,4100,2565076,1528368276,16268,0,80696,0,32911424,28581696,4329728,23591552,16252864,16252864
2026-05-13T15:15:35+01:00,server,95475549,4100,2565138,1528369717,16268,0,80696,0,32911424,28579456,4331968,23589248,16252864,16252864
2026-05-13T15:15:36+01:00,server,95478476,4100,2565219,1528371441,16268,0,80697,0,32911424,28577728,4333696,23587520,16252864,16252864
2026-05-13T15:15:37+01:00,server,95481865,4100,2565308,1528372908,16268,0,80697,0,32911424,28579648,4331776,23589440,16252864,16252864
2026-05-13T15:15:38+01:00,server,95485950,4100,2565375,1528373834,16268,0,80698,0,32911424,28579392,4332032,23589184,16252864,16252864
2026-05-13T15:15:39+01:00,server,95489703,4100,2565428,1528374865,16268,0,80699,0,32911424,28577920,4333504,23587712,16252864,16252864
2026-05-13T15:15:40+01:00,server,95494368,4100,2565452,1528375391,16268,0,80699,0,32911424,28578048,4333376,23587840,16252864,16252864
2026-05-13T15:15:41+01:00,server,95497793,4100,2565537,1528376800,16268,0,80699,0,32911424,28579008,4332416,23588800,16252864,16252864
2026-05-13T15:15:43+01:00,server,95501373,4100,2565602,1528378049,16268,0,80700,0,32911424,28580032,4331392,23589760,16252864,16252864
2026-05-13T15:15:44+01:00,server,95504741,4100,2565664,1528379515,16268,0,80701,0,32911424,28577920,4333504,23587648,16252864,16252864
2026-05-13T15:15:45+01:00,server,95508332,4100,2565721,1528380746,16268,0,80701,0,32911424,28576448,4334976,23586176,16252864,16252864
2026-05-13T15:15:46+01:00,server,95512351,4100,2565785,1528381847,16268,0,80701,0,32911424,28579968,4331456,23589696,16252864,16252864
2026-05-13T15:15:47+01:00,server,95515475,4100,2565889,1528383452,16268,0,80701,0,32911424,28574528,4336896,23584256,16252864,16252864
2026-05-13T15:15:48+01:00,server,95518456,4100,2565947,1528385056,16268,0,80702,0,32911424,28575360,4336064,23585088,16252864,16252864
2026-05-13T15:15:49+01:00,server,95521817,4100,2566023,1528386555,16268,0,80702,0,32911424,28579776,4331648,23589504,16252864,16252864
2026-05-13T15:15:50+01:00,server,95525490,4100,2566068,1528387860,16268,0,80702,0,32911424,28577792,4333632,23587520,16252864,16252864
2026-05-13T15:15:51+01:00,server,95529455,4100,2566114,1528388744,16268,0,80702,0,32911424,28575168,4336256,23584896,16252864,16252864
2026-05-13T15:15:52+01:00,server,95532851,4100,2566175,1528390341,16268,0,80702,0,32911424,28577408,4334016,23587136,16252864,16252864
2026-05-13T15:15:53+01:00,server,95535932,4100,2566247,1528392047,16268,0,80702,0,32911424,28575104,4336320,23584832,16252864,16252864
2026-05-13T15:15:54+01:00,server,95539739,4100,2566325,1528393164,16268,0,80702,0,32911424,28576768,4334656,23586496,16252864,16252864
2026-05-13T15:15:55+01:00,server,95544068,4100,2566367,1528393715,16268,0,80703,0,32911424,28580544,4330880,23590272,16252864,16252864
2026-05-13T15:15:56+01:00,server,95548070,4100,2566410,1528394568,16268,0,80703,0,32911424,28581120,4330304,23590848,16252864,16252864
2026-05-13T15:15:57+01:00,server,95552872,4100,2566433,1528394716,16268,0,80703,0,32911424,28581440,4329984,23591168,16252864,16252864
2026-05-13T15:15:58+01:00,server,95557718,4100,2566451,1528394896,16268,0,80704,0,32911424,28577536,4333888,23587264,16252864,16252864
2026-05-13T15:15:59+01:00,server,95560775,4100,2566529,1528396313,16268,0,80704,0,32911424,28578560,4332864,23588288,16252864,16252864
2026-05-13T15:16:00+01:00,server,95563955,4100,2566597,1528397935,16268,0,80704,0,32911424,28579072,4332352,23588736,16252864,16252864
2026-05-13T15:16:01+01:00,server,95568408,4100,2566625,1528398573,16268,0,80705,0,32911424,28579328,4332096,23588992,16252864,16252864
2026-05-13T15:16:02+01:00,server,95571878,4100,2566690,1528399869,16268,0,80705,0,32911424,28577408,4334016,23587072,16252864,16252864
2026-05-13T15:16:03+01:00,server,95575942,4100,2566742,1528400757,16268,0,80705,0,32911424,28577792,4333632,23587456,16252864,16252864
2026-05-13T15:16:04+01:00,server,95579651,4100,2566805,1528401948,16268,0,80705,0,32911424,28576832,4334592,23586496,16252864,16252864
2026-05-13T15:16:05+01:00,server,95583977,4100,2566860,1528402394,16268,0,80705,0,32911424,28575616,4335808,23585280,16252864,16252864
2026-05-13T15:16:06+01:00,server,95587769,4100,2566936,1528403675,16268,0,80705,0,32911424,28574912,4336512,23584576,16252864,16252864
2026-05-13T15:16:07+01:00,server,95592236,4100,2566970,1528404074,16268,0,80705,0,32911424,28577472,4333952,23587072,16252864,16252864
2026-05-13T15:16:08+01:00,server,95596547,4100,2567005,1528404852,16268,0,80706,0,32911424,28573120,4338304,23582720,16252864,16252864
2026-05-13T15:16:09+01:00,server,95601267,4100,2567022,1528405051,16268,0,80706,0,32911424,28579584,4331840,23589184,16252864,16252864
2026-05-13T15:16:11+01:00,server,95605562,4100,2567048,1528405741,16268,0,80706,0,32911424,28590016,4321408,23599552,16252864,16252864
2026-05-13T15:16:12+01:00,server,95610221,4100,2567072,1528406122,16268,0,80706,0,32911424,28584448,4326976,23593984,16252864,16252864
2026-05-13T15:16:13+01:00,server,95613722,4100,2567153,1528407523,16268,0,80706,0,32911424,28587072,4324352,23596608,16252864,16252864
2026-05-13T15:16:14+01:00,server,95617843,4100,2567197,1528408169,16268,0,80706,0,32911424,28587968,4323456,23597504,16252864,16252864
2026-05-13T15:16:15+01:00,server,95621798,4100,2567240,1528409148,16268,0,80707,0,32911424,28587264,4324160,23596736,16252864,16252864
2026-05-13T15:16:16+01:00,server,95625521,4100,2567292,1528410280,16268,0,80707,0,32911424,28587200,4324224,23596672,16252864,16252864
2026-05-13T15:16:17+01:00,server,95629746,4100,2567347,1528411025,16268,0,80708,0,32911424,28588288,4323136,23597760,16252864,16252864
2026-05-13T15:16:18+01:00,server,95632950,4100,2567410,1528412315,16268,0,80708,0,32911424,28589696,4321728,23599168,16252864,16252864
2026-05-13T15:16:19+01:00,server,95637162,4100,2567458,1528412964,16268,0,80708,0,32911424,28587776,4323648,23597248,16252864,16252864
2026-05-13T15:16:20+01:00,server,95641167,4100,2567522,1528414021,16268,0,80709,0,32911424,28588352,4323072,23597824,16252864,16252864
2026-05-13T15:16:21+01:00,server,95644611,4100,2567606,1528415419,16268,0,80710,0,32911424,28590656,4320768,23600128,16252864,16252864
2026-05-13T15:16:22+01:00,server,95648403,4100,2567668,1528416480,16268,0,80710,0,32911424,28588992,4322432,23598464,16252864,16252864
2026-05-13T15:16:23+01:00,server,95651808,4100,2567764,1528417848,16268,0,80710,0,32911424,28587968,4323456,23597440,16252864,16252864
2026-05-13T15:16:24+01:00,server,95655789,4100,2567834,1528418951,16268,0,80711,0,32911424,28586944,4324480,23596416,16252864,16252864
2026-05-13T15:16:25+01:00,server,95660353,4100,2567886,1528419447,16268,0,80711,0,32911424,28591488,4319936,23600960,16252864,16252864
2026-05-13T15:16:26+01:00,server,95664244,4100,2567942,1528420573,16268,0,80711,0,32911424,28592768,4318656,23602240,16252864,16252864
2026-05-13T15:16:27+01:00,server,95667534,4100,2568000,1528421922,16268,0,80711,0,32911424,28589056,4322368,23598528,16252864,16252864
2026-05-13T15:16:28+01:00,server,95671169,4100,2568077,1528423102,16268,0,80712,0,32911424,28592128,4319296,23601600,16252864,16252864
2026-05-13T15:16:29+01:00,server,95675072,4100,2568122,1528424002,16268,0,80712,0,32911424,28594240,4317184,23603712,16252864,16252864
2026-05-13T15:16:30+01:00,server,95678549,4100,2568201,1528425636,16268,0,80712,0,32911424,28592896,4318528,23602368,16252864,16252864
2026-05-13T15:16:31+01:00,server,95681567,4100,2568305,1528427285,16268,0,80712,0,32911424,28583232,4328192,23592704,16252864,16252864
2026-05-13T15:16:32+01:00,server,95686120,4100,2568331,1528427636,16268,0,80712,0,32911424,28589888,4321536,23599360,16252864,16252864
2026-05-13T15:16:33+01:00,server,95689279,4100,2568407,1528429316,16268,0,80712,0,32911424,28607680,4303744,23617152,16252864,16252864
2026-05-13T15:16:35+01:00,server,95693621,4100,2568446,1528430288,16268,0,80712,0,32911424,28607296,4304128,23616768,16252864,16252864
2026-05-13T15:16:36+01:00,server,95697635,4100,2568510,1528430949,16268,0,80712,0,32911424,28606976,4304448,23616448,16252864,16252864
2026-05-13T15:16:37+01:00,server,95700908,4100,2568588,1528432670,16268,0,80712,0,32911424,28607552,4303872,23617024,16252864,16252864
2026-05-13T15:16:38+01:00,server,95704891,4100,2568641,1528433688,16268,0,80712,0,32911424,28606848,4304576,23616320,16252864,16252864
2026-05-13T15:16:39+01:00,server,95709033,4100,2568691,1528434706,16268,0,80712,0,32911424,28606784,4304640,23616256,16252864,16252864
2026-05-13T15:16:40+01:00,server,95713074,4100,2568741,1528435571,16268,0,80712,0,32911424,28606528,4304896,23616000,16252864,16252864
2026-05-13T15:16:41+01:00,server,95717445,4100,2568805,1528436252,16268,0,80713,0,32911424,28608384,4303040,23617856,16252864,16252864
2026-05-13T15:16:42+01:00,server,95720504,4100,2568860,1528437922,16268,0,80714,0,32911424,28608192,4303232,23617664,16252864,16252864
2026-05-13T15:16:43+01:00,server,95724456,4100,2568915,1528439045,16268,0,80715,0,32911424,28611200,4300224,23620672,16252864,16252864
2026-05-13T15:16:44+01:00,server,95727712,4100,2568997,1528440715,16268,0,80715,0,32911424,28609600,4301824,23619072,16252864,16252864
2026-05-13T15:16:45+01:00,server,95731790,4100,2569046,1528441386,16268,0,80715,0,32911424,28609088,4302336,23618496,16252864,16252864
2026-05-13T15:16:46+01:00,server,95735935,4100,2569075,1528441984,16268,0,80715,0,32911424,28603840,4307584,23613248,16252864,16252864
2026-05-13T15:16:47+01:00,server,95739730,4100,2569141,1528443052,16268,0,80717,0,32911424,28604032,4307392,23613440,16252864,16252864
2026-05-13T15:16:48+01:00,server,95742671,4100,2569227,1528444708,16268,0,80718,0,32911424,28603264,4308160,23612672,16252864,16252864
2026-05-13T15:16:49+01:00,server,95746556,4100,2569278,1528445854,16268,0,80718,0,32911424,28608192,4303232,23617600,16252864,16252864
2026-05-13T15:16:50+01:00,server,95750487,4100,2569350,1528446776,16268,0,80718,0,32911424,28606720,4304704,23616192,16252864,16252864
2026-05-13T15:16:51+01:00,server,95753970,4100,2569407,1528448077,16268,0,80718,0,32911424,28607424,4304000,23616768,16252864,16252864
2026-05-13T15:16:52+01:00,server,95758135,4100,2569494,1528448922,16268,0,80718,0,32911424,28604032,4307392,23613376,16252864,16252864
2026-05-13T15:16:53+01:00,server,95762792,4100,2569522,1528449233,16268,0,80718,0,32911424,28603264,4308160,23612608,16252864,16252864
2026-05-13T15:16:54+01:00,server,95765836,4100,2569615,1528450761,16268,0,80719,0,32911424,28608384,4303040,23617728,16252864,16252864
2026-05-13T15:16:55+01:00,server,95769476,4100,2569682,1528451922,16268,0,80719,0,32911424,28602624,4308800,23611968,16252864,16252864
2026-05-13T15:16:56+01:00,server,95773448,4100,2569711,1528452728,16268,0,80720,0,32911424,28594752,4316672,23604096,16252864,16252864
2026-05-13T15:16:57+01:00,server,95776503,4100,2569804,1528454253,16268,0,80721,0,32911424,28598848,4312576,23608128,16252864,16252864
2026-05-13T15:16:58+01:00,server,95779493,4100,2569916,1528455953,16268,0,80721,0,32911424,28597632,4313792,23606912,16252864,16252864
2026-05-13T15:17:00+01:00,server,95783224,4100,2569987,1528457439,16268,0,80721,0,32911424,28596864,4314560,23606144,16252864,16252864
2026-05-13T15:17:01+01:00,server,95787650,4100,2570019,1528458101,16268,0,80721,0,32911424,28595904,4315520,23605184,16252864,16252864
2026-05-13T15:17:02+01:00,server,95791833,4100,2570059,1528458853,16268,0,80723,0,32911424,28595200,4316224,23604480,16252864,16252864
2026-05-13T15:17:03+01:00,server,95795673,4100,2570130,1528460119,16268,0,80723,0,32911424,28594368,4317056,23603648,16252864,16252864
2026-05-13T15:17:04+01:00,server,95799722,4100,2570179,1528460909,16268,0,80723,0,32911424,28592832,4318592,23602112,16252864,16252864
2026-05-13T15:17:05+01:00,server,95804434,4100,2570204,1528461143,16268,0,80723,0,32911424,28595072,4316352,23604352,16252864,16252864
2026-05-13T15:17:06+01:00,server,95807616,4100,2570268,1528462728,16268,0,80723,0,32911424,28597888,4313536,23607168,16252864,16252864
2026-05-13T15:17:07+01:00,server,95812380,4100,2570286,1528462961,16268,0,80723,0,32911424,28598528,4312896,23607808,16252864,16252864
2026-05-13T15:17:08+01:00,server,95816348,4100,2570341,1528463719,16268,0,80724,0,32911424,28598144,4313280,23607424,16252864,16252864
2026-05-13T15:17:09+01:00,server,95820205,4100,2570396,1528464621,16268,0,80724,0,32911424,28599424,4312000,23608704,16252864,16252864
2026-05-13T15:17:10+01:00,server,95824760,4100,2570440,1528465024,16268,0,80724,0,32911424,28598784,4312640,23608064,16252864,16252864
2026-05-13T15:17:11+01:00,server,95827891,4100,2570539,1528466475,16268,0,80724,0,32911424,28599040,4312384,23608320,16252864,16252864
2026-05-13T15:17:12+01:00,server,95831731,4100,2570616,1528467570,16268,0,80725,0,32911424,28599808,4311616,23609088,16252864,16252864
2026-05-13T15:17:13+01:00,server,95835821,4100,2570651,1528468337,16268,0,80725,0,32911424,28601280,4310144,23610560,16252864,16252864
2026-05-13T15:17:14+01:00,server,95839798,4100,2570729,1528469109,16268,0,80725,0,32911424,28602560,4308864,23611840,16252864,16252864
2026-05-13T15:17:15+01:00,server,95842886,4100,2570798,1528470685,16268,0,80725,0,32911424,28599680,4311744,23608960,16252864,16252864
2026-05-13T15:17:16+01:00,server,95846523,4100,2570854,1528471993,16268,0,80725,0,32911424,28601920,4309504,23611200,16252864,16252864
2026-05-13T15:17:17+01:00,server,95850992,4100,2570887,1528472348,16268,0,80726,0,32911424,28602752,4308672,23612032,16252864,16252864
2026-05-13T15:17:18+01:00,server,95854881,4100,2570951,1528473274,16268,0,80726,0,32911424,28601728,4309696,23611008,16252864,16252864
2026-05-13T15:17:19+01:00,server,95858295,4100,2571005,1528474793,16268,0,80726,0,32911424,28601792,4309632,23611072,16252864,16252864
2026-05-13T15:17:20+01:00,server,95862033,4100,2571075,1528475920,16268,0,80726,0,32911424,28601472,4309952,23610752,16252864,16252864
2026-05-13T15:17:21+01:00,server,95865039,4100,2571155,1528477522,16268,0,80728,0,32911424,28609536,4301888,23618816,16252864,16252864
2026-05-13T15:17:22+01:00,server,95868290,4100,2571229,1528479342,16268,0,80728,0,32911424,28608768,4302656,23618048,16252864,16252864
2026-05-13T15:17:23+01:00,server,95872169,4100,2571282,1528480346,16268,0,80729,0,32911424,28608448,4302976,23617664,16252864,16252864
2026-05-13T15:17:24+01:00,server,95875968,4100,2571354,1528481577,16268,0,80729,0,32911424,28608448,4302976,23617664,16252864,16252864
2026-05-13T15:17:25+01:00,server,95879320,4100,2571426,1528483113,16268,0,80730,0,32911424,28607488,4303936,23616704,16252864,16252864
2026-05-13T15:17:26+01:00,server,95882414,4100,2571497,1528484572,16268,0,80732,0,32911424,28605568,4305856,23614784,16252864,16252864
2026-05-13T15:17:27+01:00,server,95885430,4100,2571598,1528486061,16268,0,80732,0,32911424,28603392,4308032,23612608,16252864,16252864
2026-05-13T15:17:29+01:00,server,95889463,4100,2571649,1528486885,16268,0,80733,0,32911424,28597504,4313920,23606720,16252864,16252864
2026-05-13T15:17:30+01:00,server,95893850,4100,2571698,1528487254,16268,0,80734,0,32911424,28600768,4310656,23609984,16252864,16252864
2026-05-13T15:17:31+01:00,server,95896665,4100,2571778,1528488936,16268,0,80734,0,32911424,28592320,4319104,23601536,16252864,16252864
2026-05-13T15:17:32+01:00,server,95900237,4100,2571879,1528490378,16268,0,80736,0,32911424,28587776,4323648,23596928,16252864,16252864
2026-05-13T15:17:33+01:00,server,95904399,4100,2571929,1528491236,16268,0,80737,0,32911424,28597760,4313664,23606912,16252864,16252864
2026-05-13T15:17:34+01:00,server,95908123,4100,2572004,1528492739,16268,0,80738,0,32911424,28597824,4313600,23606976,16252864,16252864
2026-05-13T15:17:35+01:00,server,95912004,4100,2572045,1528493558,16268,0,80739,0,32911424,28595456,4315968,23604608,16252864,16252864
2026-05-13T15:17:36+01:00,server,95915606,4100,2572102,1528494826,16268,0,80739,0,32911424,28597568,4313856,23606720,16252864,16252864
2026-05-13T15:17:37+01:00,server,95918378,4100,2572171,1528496353,16268,0,80740,0,32911424,28597120,4314304,23606272,16252864,16252864
2026-05-13T15:17:38+01:00,server,95922809,4100,2572247,1528497000,16268,0,80740,0,32911424,28596864,4314560,23605952,16252864,16252864
2026-05-13T15:17:39+01:00,server,95926174,4100,2572320,1528498384,16268,0,80740,0,32911424,28597760,4313664,23606848,16252864,16252864
2026-05-13T15:17:40+01:00,server,95929951,4100,2572399,1528499526,16268,0,80741,0,32911424,28599680,4311744,23608768,16252864,16252864
2026-05-13T15:17:41+01:00,server,95934507,4100,2572456,1528500279,16268,0,80743,0,32911424,28598528,4312896,23607616,16252864,16252864
2026-05-13T15:17:42+01:00,server,95939185,4100,2572481,1528500606,16268,0,80744,0,32911424,28597312,4314112,23606400,16252864,16252864
2026-05-13T15:17:43+01:00,server,95943717,4100,2572521,1528501174,16268,0,80744,0,32911424,28596096,4315328,23605184,16252864,16252864
2026-05-13T15:17:44+01:00,server,95947057,4100,2572597,1528502519,16268,0,80745,0,32911424,28596480,4314944,23605568,16252864,16252864
2026-05-13T15:17:45+01:00,server,95951049,4100,2572626,1528503214,16268,0,80745,0,32911424,28595648,4315776,23604736,16252864,16252864
2026-05-13T15:17:46+01:00,server,95955369,4100,2572644,1528503914,16268,0,80745,0,32911424,28593856,4317568,23603008,16252864,16252864
2026-05-13T15:17:47+01:00,server,95958359,4100,2572728,1528505640,16268,0,80745,0,32911424,28593728,4317696,23602816,16252864,16252864
2026-05-13T15:17:48+01:00,server,95962050,4100,2572776,1528506797,16268,0,80745,0,32911424,28595456,4315968,23604544,16252864,16252864
2026-05-13T15:17:49+01:00,server,95966109,4100,2572825,1528507719,16268,0,80745,0,32911424,28594432,4316992,23603520,16252864,16252864
2026-05-13T15:17:50+01:00,server,95969642,4100,2572908,1528508788,16268,0,80745,0,32911424,28592768,4318656,23601856,16252864,16252864
2026-05-13T15:17:51+01:00,server,95973434,4100,2572970,1528509697,16268,0,80746,0,32911424,28595712,4315712,23604800,16252864,16252864
2026-05-13T15:17:53+01:00,server,95978072,4100,2573004,1528510132,16268,0,80747,0,32911424,28593856,4317568,23602816,16252864,16252864
2026-05-13T15:17:54+01:00,server,95982372,4100,2573046,1528510831,16268,0,80748,0,32911424,28594304,4317120,23603264,16252864,16252864
2026-05-13T15:17:55+01:00,server,95986299,4100,2573109,1528511737,16268,0,80748,0,32911424,28594240,4317184,23603200,16252864,16252864
2026-05-13T15:17:56+01:00,server,95991063,4100,2573134,1528512125,16268,0,80748,0,32911424,28594688,4316736,23603648,16252864,16252864
2026-05-13T15:17:57+01:00,server,95995817,4100,2573160,1528512422,16268,0,80748,0,32911424,28599104,4312320,23608064,16252864,16252864
2026-05-13T15:17:58+01:00,server,95998830,4100,2573247,1528513969,16268,0,80748,0,32911424,28597504,4313920,23606464,16252864,16252864
2026-05-13T15:17:59+01:00,server,96002143,4100,2573338,1528515468,16268,0,80748,0,32911424,28597376,4314048,23606336,16252864,16252864
2026-05-13T15:18:00+01:00,server,96005588,4100,2573416,1528516847,16268,0,80748,0,32911424,28596032,4315392,23604992,16252864,16252864
2026-05-13T15:18:01+01:00,server,96009571,4100,2573452,1528517538,16268,0,80749,0,32911424,28594176,4317248,23603136,16252864,16252864
2026-05-13T15:18:02+01:00,server,96013311,4100,2573508,1528518510,16268,0,80750,0,32911424,28592512,4318912,23601472,16252864,16252864
2026-05-13T15:18:03+01:00,server,96017422,4100,2573567,1528519329,16268,0,80750,0,32911424,28590784,4320640,23599744,16252864,16252864
2026-05-13T15:18:04+01:00,server,96020510,4100,2573664,1528520824,16268,0,80751,0,32911424,28593280,4318144,23602176,16252864,16252864
2026-05-13T15:18:05+01:00,server,96023958,4100,2573738,1528522150,16268,0,80752,0,32911424,28592960,4318464,23601856,16252864,16252864
2026-05-13T15:18:06+01:00,server,96027218,4100,2573795,1528523513,16268,0,80754,0,32911424,28590848,4320576,23599744,16252864,16252864
2026-05-13T15:18:07+01:00,server,96030153,4100,2573846,1528525343,16268,0,80755,0,32911424,28592000,4319424,23600896,16252864,16252864
2026-05-13T15:18:08+01:00,server,96033198,4100,2573937,1528526859,16268,0,80755,0,32911424,28592832,4318592,23601728,16252864,16252864
